dbSNP ID,Chromosome,Position
rs11306716,3,7295668
rs34670647,17,27295723
rs5743293,17,71725783
rs117486637,7,147641371
rs116046827,3,49618715
rs4456788,21,44196441
rs5757584,22,39266545
rs10094579,8,89837077
rs34939008,4,23344561
rs76913543,10,6000052
rs35018800,19,10354167
rs10000518,4,11502867
rs72871627,2,162280432
rs72977586,19,1186317
rs61752717,16,3243407
rs78973538,1,155224224
rs17229679,2,198696033
rs4876208,8,2191959
rs2227551,10,73909432
rs2357623,16,50660100
rs72796367,16,50728860
rs111305875,6,167098098
rs7874251,9,75888242
rs114202211,1,113943285
rs17622517,5,132467845
rs141992399,9,136365140
rs77981966,2,43550825
rs201014116,2,25278036
rs7195296,16,11655918
rs7298011,12,25890592
rs28701841,6,106082455
rs183686347,1,67237759
rs7115956,11,110085620
rs148783236,15,50492819
rs79493594,20,44561731
rs61802846,1,161504083
rs35074907,19,10489742
rs12694846,2,230283413
rs9494840,6,137641937
rs13093489,3,27753416
rs11691685,2,144724260
rs2066845,16,50722629
rs13388357,2,162465025
rs35874463,15,67165360
rs1580226,22,34413463
rs67412457,16,1475709
rs9947182,18,49727534
rs30187 x rs116488202,5 x 6,96788627 x 31377139
rs10045403 x rs116488202,5 x 6,96812030 x 31377139
rs115879499,7,5059438
rs6793285,3,7295668
rs11871012,17,27295723
