rs_id,primer_id,Tm,genotype_label,primer_len,SNP_chr,SNP_position,GC_content(%),primer_sequence
rs2024092,rs2024092_FwdG,63.16254490623305,G,25,19,1124032,64.0,GCTGAGCTGGAACAGCTGGAAGGGG
rs17885785,rs17885785_FwdC,61.738280084593725,C,24,11,2146620,62.5,CACACTCCAAAGGACTGAGGCGGC
rs1182188,rs1182188_FwdT,62.55108713720688,T,40,7,2830351,40.0,CTAGAATCCATTTGGAAATCAAAACAGGAGTCAGGTGGAT
rs114846446,rs114846446_FwdG,62.42210669466243,G,33,2,2944140,45.45454545454545,AAATGGCAGCCATTGTGGTAAAGAGAGGAAGTG
rs36051895,rs36051895_FwdG,62.87554703062972,G,36,9,4981866,47.22222222222222,GGAAAGAAACAAACTAACTCCTGGACTTCTCCCCAG
rs7672495,rs7672495_FwdT,62.748296131644736,T,33,4,4990640,48.484848484848484,ACTTTCTTCCTCCATGATAGGAGAGGGCTGGAT
rs61839660,rs61839660_FwdC,62.55465429563185,C,30,10,6052734,53.333333333333336,CAGAAAGCAGCGGCTTCTGAAGGAGGTATC
rs706778,rs706778_FwdC,62.00515926197363,C,25,10,6056986,64.0,GGGGCCTCTCTCCCTGGAATGTCAC
rs2104286,rs2104286_FwdT,62.56530906866442,T,38,10,6057082,44.73684210526316,CTCTGATAGCCCCATGCTCAGTAGATCTTACCACATAT
rs1860545,rs1860545_FwdG,61.7931034259737,G,24,12,6337611,62.5,CCTCCCGTGAAGCCACCATTGACG
rs7954567,rs7954567_FwdG,62.480935706248715,G,22,12,6381959,68.18181818181817,CTCCAGCCTGGGCGACAAAGCG
rs11616188,rs11616188_FwdG,62.76088327938635,G,28,12,6393576,57.14285714285714,GCTAATGGTGGCCTTCCTGCCACCTATG
rs3766606,rs3766606_FwdG,62.79657546230425,G,47,1,7962137,36.17021276595745,CCAGATAATCTGTAAATAGGCTAAAAAAAATTCGGAACCTCGTTGAG
rs74956615,rs74956615_FwdT,62.2662621213363,T,47,19,10317045,31.914893617021278,GGTGGTTTGAAAAATAAAACTTAGAAAAGGAAACAGAAGTCAGTTGT
rs12720356,rs12720356_FwdA,62.02910203031206,A,27,19,10359299,55.55555555555556,CGTGCTCCACGTACTCTGTCACCATGA
rs35164067,rs35164067_FwdG,62.36110412750543,G,35,19,10414505,45.714285714285715,CACCAGGTGCTAAAGGCTAGGTTGAAGAAATGATG
rs62131887,rs62131887_FwdC,61.83710567137916,C,27,19,10476920,55.55555555555556,CTCTGCCTTCCGGGTTCAAGCAATTCC
rs3776414,rs3776414_FwdT,61.928987246004965,T,28,5,10689450,53.57142857142857,GTTGCAGCGTCTAAGAGTCCACAGGAGT
rs367569,rs367569_FwdC,62.4552098464776,C,29,16,11271643,55.172413793103445,AGGTCCGGTTGTGGGGTATATGCTAGACC
rs61199332,rs61199332_FwdC,62.67107140557073,C,28,8,11573132,53.57142857142857,TAAACACTTGGCCCAACTCCACCCACAC
rs7042370,rs7042370_FwdT,62.59451128988405,T,33,9,12785074,45.45454545454545,TACTCAAGGCCCAAGGGCTCTTTTTCACCTTAT
rs1267499,rs1267499_FwdT,62.5145671693582,T,35,6,14715651,45.714285714285715,CCTGGTTCTCTCTCCATCATTCCTGCTTCTCTTTT
rs1326986,rs1326986_FwdT,62.537278670389185,T,56,10,19640584,28.57142857142857,GAATTTCAAAAAAGTTGCTAATTGAGATAACATTTATTCGTGTTCCTTTCTACTCT
rs4655215,rs4655215_FwdT,62.924966669256094,T,34,1,19811221,50.0,CCTGAGACGTAGAGAGACGAAGGGACTTGTAAGT
rs3806308,rs3806308_FwdC,62.19616858368204,C,28,1,19816373,53.57142857142857,CCTTACTTTGCCCTCAAGGGCAAATGGC
rs6426833,rs6426833_FwdG,62.45196810473516,G,34,1,19845367,44.11764705882353,TCCAAGACATTTGTTTCCTGAAACAGCTGAGTCG
rs2266961,rs2266961_FwdC,62.77855722427097,C,27,22,21574308,59.25925925925925,GCCTGCCATGTCTTAGCTGAGTGACCC
rs2283790,rs2283790_FwdA,62.445157335801525,A,25,22,21602364,56.00000000000001,AGGAACACACCACAAGGACGTGCCA
rs34920465,rs34920465_FwdA,62.77878968227998,A,38,1,22373858,44.73684210526316,CCAGCTCTGACATCCTTAGCCAGCTAGATTCTTTACTA
rs7404095,rs7404095_FwdT,62.58148118552907,T,38,16,23853269,42.10526315789473,GAAGTCTCTGTGGCTTGACAGAAGGGAGTTTATTTCTT
rs7552167,rs7552167_FwdA,62.36920746723587,A,48,1,24192153,35.41666666666667,GCATATGACTCATAGTTAGAAGACCTCAGTGTTTCTTTCGAAAGTATA
rs13407913,rs13407913_FwdA,62.66755420326808,A,20,2,24874775,75.0,CCAGCCGGTGAGGGGCAGGA
rs11249215,rs11249215_FwdG,62.24887982590087,G,22,1,24970693,68.18181818181817,GGTCTGCTGCAGCCACATCCCG
rs17085007,rs17085007_FwdT,62.03683570030216,T,47,13,26957130,31.914893617021278,CGTAGCATTTTAGTAGCACGTTGTAAAATATAACTTTGGGCATATTT
rs1260326,rs1260326_FwdT,62.21746607154489,T,23,2,27508073,60.86956521739131,AGCACCGTGGGTCAGACCTTGCT
rs10775412,rs10775412_FwdA,62.4924614878837,A,48,17,27542007,33.33333333333333,CTTTGTTTTTCTTTACTCAATGTTGAATACACAGTACATCCCATCAGA
rs28998802,rs28998802_FwdG,62.96342411649698,G,38,17,27797882,44.73684210526316,GGGCTCAAGTTCCAACTCTGTAAACTCTGTAATTACCG
rs12598357,rs12598357_FwdA,62.7125510453813,A,24,16,28329624,58.333333333333336,TACAGGCATGAGCCACCACGCCAA
rs925255,rs925255_FwdC,62.701136495437936,C,38,2,28391927,42.10526315789473,TAACAGTCTGGAGTTTGCTTATAAACGCCCGATTACTC
rs26528,rs26528_FwdT,62.091896419515194,T,26,16,28506388,57.692307692307686,GAGGCTGCTGACATCTTGGTCCCAGT
rs12928404,rs12928404_FwdT,62.475101740463856,T,34,16,28835925,44.11764705882353,GGATTCTGTGGTCTTCCCGGCTACTTTTTTGTTT
rs140135,rs140135_FwdC,63.138602737331496,C,40,22,29767846,42.5,GCAAAAACTAAAGGCTAGTGAGAGCAAAGGACTTACTAGC
rs2394250,rs2394250_FwdG,62.24118997540836,G,33,6,29975879,48.484848484848484,CCCCCATTAGACAATGAACCATCCATGATCACG
rs2050392,rs2050392_FwdG,62.76856420015861,G,22,10,30402574,68.18181818181817,GCAGCAGAGGCTGCAGACTGCG
rs11574938,rs11574938_FwdG,62.226967625461555,G,29,16,30474072,55.172413793103445,CATATTCCCAGAAGTCAACGCCCTGGAGG
rs1870293,rs1870293_FwdT,62.71776741003748,T,37,16,30959620,43.24324324324324,TCATTTCCCTCTTGTTTCCTTCGAGGACTCCTATTCT
rs6905036,rs6905036_FwdT,62.22632345286746,T,41,6,31305369,39.02439024390244,CCACTTTCTCTTTACCAGTGTGAATGTCAAGTTCTCTTACT
rs17192932,rs17192932_FwdC,62.477646591864016,C,39,6,31354352,41.02564102564102,CATGAACAAATTCTGGTTAGTCATGGTAAGCGATGACAC
rs7743761,rs7743761_FwdC,62.51958203986334,C,47,6,31368323,36.17021276595745,GTACTGTTTGTTTACTACTAGAAACTTGCTTTTTGAGAGACTAAGCC
rs4463302,rs4463302_FwdT,62.535991440134694,T,35,6,31375890,40.0,ATTGTTGAACCTTTGTAGACTGCAGTGCAAATGGT
rs116488202,rs116488202_FwdC,62.74376439594687,C,37,6,31377139,43.24324324324324,TCATTCTTAAAATTCTGTTCCAGTGTCCCTATGCCCC
rs4349859,rs4349859_FwdG,62.93321582107808,G,36,6,31398010,47.22222222222222,GCAGCCTAATCCCCTTACCTTGAGTTAATAGCTTCG
rs4418214,rs4418214_FwdT,62.57476177774544,T,26,6,31423624,57.692307692307686,GAGAGAAGGGGCACGCAAGTGGGAAT
rs2844510,rs2844510_FwdG,62.677661287234855,G,22,6,31442631,68.18181818181817,AGCCTGGGGTCACAGCACTCGG
rs4243971,rs4243971_FwdT,62.92776383027177,T,24,20,32261714,62.5,TCTCCCACTGCCCTCCACCCCTTT
rs6058869,rs6058869_FwdC,62.44708845018437,C,44,20,32760944,38.63636363636363,TCTTAGGTAGAATAAGATCCAGTAAGTATAGACACTTTTGCGGC
rs12146962,rs12146962_FwdT,62.74628792139612,T,45,14,32911892,35.55555555555556,CCTCTGCCTTTGACTTTTTTTCTTTATACCACAGAATACAACTGT
rs2284553,rs2284553_FwdA,62.029816393547094,A,23,21,33404389,65.21739130434783,GGCTCAGAACTGTCCGGGTCCCA
rs9889296,rs9889296_FwdG,62.51891993757374,G,57,17,34243528,29.82456140350877,ATGACCAGCACAGACTAGGCACTTAATTACTGTTTATTAAATTAATGAATAAATAGG
rs2812378,rs2812378_FwdG,62.308971184153904,G,30,9,34710263,53.333333333333336,GGCACCCAGCCCCACTTATCTCAAACTAAG
rs34779708,rs34779708_FwdT,62.06966081812726,T,40,10,35177257,37.5,CTTGATTATCTTTGTGGCATGGGTATTTTCTCCTGTGTTT
rs2075726,rs2075726_FwdG,62.30695569414178,G,24,22,36914004,66.66666666666666,GGGGTGAAGAGAGCTCAGGCCTGG
rs7100025,rs7100025_FwdG,62.492702897556455,G,56,10,37303610,28.57142857142857,TATTCATACAATGGAATAACATTCCAAAAATAAAATGAATGTGTTACAGGTACGTG
rs16967103,rs16967103_FwdT,62.47155228357991,T,37,15,38606989,40.54054054054054,GATCGGATACATGTGCAATAAATTGGCAGTTTGGTCT
rs395157,rs395157_FwdC,62.56123196460953,C,38,5,38867630,42.10526315789473,TCATCCAGCCTTATTCTTGATGTCCTCAGATTTTTCCC
rs9977672,rs9977672_FwdG,62.36917725593037,G,38,21,39091357,42.10526315789473,CATGACAATGTTGTGCCCAAGGTCTTAGCACTAATTAG
rs2242944,rs2242944_FwdG,62.552040844800956,G,37,21,39093252,43.24324324324324,TAAATAAAGCATGAGGTGGGGAGAGTTCCAAAGGAAG
rs2836882,rs2836882_FwdG,62.329417653323276,G,38,21,39094644,42.10526315789473,GGAACATGAGTTCCTTTTTTCCTGGTATTAGAAGTGCG
rs2836883,rs2836883_FwdG,62.45147918748887,G,29,21,39094818,55.172413793103445,CCAGTCTCTAAAGACATGCCCATGAGCCG
rs378108,rs378108_FwdA,63.009244705033666,A,34,21,39097594,44.11764705882353,CCACATGTGCTTTTTCAGAAGATGACCTTTGGCA
rs2143178,rs2143178_FwdT,62.538033170846234,T,28,22,39264824,53.57142857142857,CAGCAGCGTCAGACCCTCAAAAACTCCT
rs12232497,rs12232497_FwdT,62.44896775445534,T,43,17,39883866,34.883720930232556,CAAGATAGTGATGTTTTATTTTCACTGTGAGCTGGCTTTGTTT
rs17466626,rs17466626_FwdA,62.56583794933556,A,45,12,40366829,33.33333333333333,ACATAATTAAGAATTGCAGCAAGGAGTGGATCACAGATTTTGTTA
rs941823,rs941823_FwdT,62.9756364206566,T,39,13,40439840,43.58974358974359,CCTTGCCTATCATGGGCCCCCTTTACTCTATGTTATTAT
rs7725052,rs7725052_FwdC,62.44684459623795,C,39,5,40487168,41.02564102564102,TGGTCACATGGACAGTGATTCAGAGATGTTAGGAAATTC
rs10440635,rs10440635_FwdG,62.66308776954611,G,48,5,40490688,33.33333333333333,CAAAAGTCTTTCCTACCAGAGAAATTTTTTTTAAAGGCAAACCTCAAG
rs12942547,rs12942547_FwdA,62.49079114707109,A,49,17,42375526,30.612244897959183,TTTCTCAAACTCTTCGCTCTCATGGCCCCTTTATTTATTATTTTTTAAA
rs6561151,rs6561151_FwdG,62.23452182629154,G,31,13,43910570,51.61290322580645,ACAGAGGGTGACTAAATTCATCTGAGGGGGG
rs7282490,rs7282490_FwdG,62.45981178974529,G,38,21,44195858,42.10526315789473,TACGTAGATCGTGATCAATAATGAGAAACTGTGAGGCG
rs4812833,rs4812833_FwdG,62.23922240454601,G,40,20,44440356,42.5,GGAAGTAGAACAGCCAAGAACTTACTAAGGTATGTGAAGG
rs17095830,rs17095830_FwdA,62.25812958443771,A,33,12,45381125,48.484848484848484,CCAGAACATTCCCATCTACCAGAGTGTGTCTCA
rs1883832,rs1883832_FwdT,63.14949225711814,T,21,20,46118343,71.42857142857143,GCCGCCTGGTCTCACCTCGCT
rs4802307,rs4802307_FwdG,62.48511029933832,G,38,19,46346549,42.10526315789473,CTTCAGTTAAAAACTCAAACACTGACCCTCAAGGTTGG
rs8070463,rs8070463_FwdT,62.1682003007607,T,48,17,47691470,31.25,CCTGTCTTTTAAAAAAAAAAAATTGTAAGAGCTCATCAAGGAGACCTT
rs11168249,rs11168249_FwdT,62.849968578081075,T,23,12,47814585,65.21739130434783,GCTCCCCAAGCAAGGGAGTGGCT
rs602662,rs602662_FwdG,62.704738857263465,G,27,19,48703728,59.25925925925925,GTCGGGAGAACATTGACACCTCCCACG
rs4625,rs4625_FwdA,61.69959329729613,A,26,3,49534707,57.692307692307686,GTCCGTCCATCTGCATCTCTGTCCCA
rs3197999,rs3197999_FwdG,63.001773836669486,G,22,3,49684099,68.18181818181817,GCGTGAAGACAGCTGGCCAGCG
rs12718244,rs12718244_FwdG,62.659501346496256,G,39,7,50136058,43.58974358974359,GTCAAGGGGACAGGAGTTTATCCACCAGAAATTATAACG
rs77150043,rs77150043_FwdC,62.668692243847545,C,31,16,50270338,54.83870967741935,CAGAGAAGCAGGGGTCTTCCAGAGGTTATCC
rs117372389,rs117372389_FwdG,62.82170859408728,G,24,16,50634166,66.66666666666666,GGAGAGCACCCTTACTTGGCCCGG
rs1689510,rs1689510_FwdG,62.259696283393,G,31,12,56002984,51.61290322580645,GAGGCTAAGTCTGCAGTGAGCCAAGATCAAG
rs71624119,rs71624119_FwdG,61.92619526133433,G,38,5,56144903,42.10526315789473,CTCTTCTCCTTGCTCACTCATCTCAATTCCATGAAATG
rs7731626,rs7731626_FwdG,62.6431602590003,G,20,5,56148856,80.0,GGGTGGGGTGGTGGAGGGGG
rs3853824,rs3853824_FwdT,62.49592885862893,T,52,17,56803632,28.846153846153843,AAGCTCACTGGAAAAATGTATAAAGGAGCAAATGAATAAATGAAATAACTGT
rs11229555,rs11229555_FwdG,62.90885726647389,G,25,11,58641214,60.0,GCAAGTTGCAGCCCCAGCCAATCAG
rs259964,rs259964_FwdA,62.7303602395869,A,30,20,59249254,53.333333333333336,CCTGGCTACTCTTTGGATTAAGCCCCCTCA
rs7608910,rs7608910_FwdA,62.53422388436883,A,39,2,60977721,38.46153846153847,AGCCCACTTTTCTCATTTTTGTTGTCTATCTGGCTCTTA
rs11230563,rs11230563_FwdC,62.07191955216837,C,19,11,61008737,78.94736842105263,GGCCGCGGGCCTATCCACC
rs10865331,rs10865331_FwdA,62.481338526694856,A,35,2,62324337,45.714285714285715,GTCTAAGTGACTGACTTTGGTGCCGTATCTACCAA
rs10995271,rs10995271_FwdG,62.3161294762719,G,29,10,62678726,51.724137931034484,TTGCTCCAGTCACCAGCTAACTCATGCTG
rs10822050,rs10822050_FwdT,62.49005572987886,T,53,10,62679011,30.18867924528302,CACTTCGTAAGAGTTCCTAAAATCTTTTCCATAAGGTTTTCAATTTACTTTGT
rs2738774,rs2738774_FwdG,63.402848201486734,G,26,20,63637985,61.53846153846154,GCTGGGATTACAGGCATGAGCCACCG
rs6062496,rs6062496_FwdG,62.3514862024993,G,20,20,63697746,75.0,AGGGCACAGCCTCCCCTGGG
rs559928,rs559928_FwdT,62.36735747099823,T,34,11,64382898,44.11764705882353,CCAAATCAAACCTCTTCCAGGTCCTCAAATGCAT
rs17030062,rs17030062_FwdG,62.47377053845997,G,49,2,65234591,34.69387755102041,TTAAGATACGAACTACCCATCTGAACGATTATAATTGGAAGACTTTGAG
rs568617,rs568617_FwdC,62.84858170427151,C,26,11,65885771,61.53846153846154,TCCGAGTTCTGGCCTCTCTCTGCCTC
rs17293632,rs17293632_FwdC,62.54814246585772,C,37,15,67150258,43.24324324324324,ACTTGTGACATTGTTTTATCTCTCTAGCCGGTGACTC
rs72743477,rs72743477_FwdA,62.258875113355316,A,43,15,67171953,34.883720930232556,GGCTTTCAGCTTTTGAGATTGGCTGCTTTAGATTTATTTTCTA
rs11580078,rs11580078_FwdC,62.70141154343639,C,36,1,67203951,44.44444444444444,GCTTTCTGCCTGCCATTTTGAATATTACTTCTCCCC
rs7517847,rs7517847_FwdT,62.766808712815305,T,36,1,67215986,44.44444444444444,TCTCTTTCTTACTCCTTTCACCTATTCCCAAGGCCT
rs11209026,rs11209026_FwdG,62.582028104940775,G,51,1,67240275,31.372549019607842,TGTTATGTTGTCAATTCTTTCTTTGATTGGGATATTTAACAGATCATTCCG
rs80174646,rs80174646_FwdG,62.545099695921124,G,55,1,67242472,30.909090909090907,AGAGGCATAAGCAAGAAAAAAAATATTCAAAGTTAAGAGTCTCATGATAGTAGAG
rs10889676,rs10889676_FwdC,62.41662792608372,C,48,1,67256884,33.33333333333333,AACCTCATGTCATCTGAACAAAGGGTTTCTAGGCTAAAAATAAAATAC
rs12141575,rs12141575_FwdG,62.5427350570389,G,52,1,67281753,32.69230769230769,GAGTACCTACAATTGAATTCTATGTATTAAAACCGCAGAAAAACACATACAG
rs11614178,rs11614178_FwdG,62.58859610983194,G,42,12,68114342,38.095238095238095,CTTCCATTTCATTCTTCCTTGAGCAATGTGTCTCAAAATACG
rs2429929,rs2429929_FwdA,62.43096405525523,A,38,17,71725783,42.10526315789473,GCCTCTGATGTTCTCTTCCTAACTGAAGAAGGAACAAA
rs4703855,rs4703855_FwdC,62.86598196131001,C,31,5,72398072,51.61290322580645,CGTATTCCTCTGGTGCTCAGAAAATCGGCAC
rs17780256,rs17780256_FwdA,62.560851664571544,A,53,17,72646784,32.075471698113205,CTCCAAGTCTCTTAGAAACATGATGGCTATAAACTTATCAAAATAAATGCCTA
rs34804116,rs34804116_FwdC,62.25150259784408,C,47,5,73244023,34.04255319148936,CTGTATATAAAGAAAAGACAAAGAAGACAACTGGAAACTGTTTTGGC
rs1569328,rs1569328_FwdC,62.64189765139355,C,26,14,75275048,57.692307692307686,CTGTGTGCGGCAGCATTTACGTAGGC
rs11236797,rs11236797_FwdC,62.61351113562068,C,49,11,76588605,34.69387755102041,GTCACAGTTTCCTGTTTTTCATCCACTAGCTAATAAAGTTATTTCCTTC
rs1250573,rs1250573_FwdG,62.74163041143191,G,27,10,79282718,59.25925925925925,GCAGGATGTCAGGAAAGGGTCAGGCTG
rs1250563,rs1250563_FwdG,62.3655132779586,G,39,10,79287626,38.46153846153847,TTGACCCAAGGTGCACATGTATTTGTGTATAAAACCAAG
rs1250550,rs1250550_FwdC,63.04747000043011,C,29,10,79300560,58.620689655172406,GGGGGCAGTTTGGGTGTAGAGGGAGTATC
rs7236492,rs7236492_FwdC,62.82076164433988,C,31,18,79460616,48.38709677419355,ATGGCCACTGGGGAAATGCCAAAAATACCTC
rs4389526,rs4389526_FwdT,62.268696464095,T,34,4,80025321,44.11764705882353,CAAAACAGGAGAATGGCTCAGTGCCATATGTCAT
rs4333130,rs4333130_FwdC,62.98058720021163,C,40,4,80028675,40.0,GGAAAAACCTTCATTCATTGTTGGGCCAGATGTGTTTATC
rs7097656,rs7097656_FwdT,62.79093956494927,T,33,10,80491075,45.45454545454545,CCTTCTCAGCCTTGCAAGCTTGATTTTACAGCT
rs2066363,rs2066363_FwdC,62.58868532424725,C,52,1,81771892,30.76923076923077,TAAATGCAGAATCAGACTCATAAAAGACTTCAAACTTTGGAATTCTTTCATC
rs4552569,rs4552569_FwdC,62.45247610705604,C,33,5,83877774,48.484848484848484,ACCCACAGACTGTCTCTTCGTATCCTAAGTTGC
rs1800682,rs1800682_FwdA,62.66473860783691,A,43,10,88990206,37.2093023255814,GCAACATCTGTACTTTTTCATATGGTTAACTGTCCATTCCAGA
rs1847472,rs1847472_FwdC,62.650934636127374,C,67,6,90263440,23.88059701492537,GCTTTTTTAAAAAATTTGAAAAATAAATCCCCAAACATAATTCTTCTGGCAAAATATTAAATCCTAC
rs72928038,rs72928038_FwdG,62.14219761155579,G,39,6,90267049,41.02564102564102,CCCTTTTTACATTACACACAAATAGGGACGGATTTCCTG
rs30187,rs30187_FwdT,62.46393151016474,T,33,5,96788627,48.484848484848484,CCCTCACTGTGATGGTTATTAGGGGAAAACCCT
rs4869313,rs4869313_FwdT,62.467456758963976,T,69,5,96888176,21.73913043478261,GAGTGAGACTTCATCTCAAAAGAAAAAAAAAAAGAAAGAAAAGAATAAAAGAAAAAAAAAGAAAAATCT
rs9297145,rs9297145_FwdC,62.74773076262778,C,36,7,99161494,44.44444444444444,TCTGGCTGACAGCTTAAGTCCAACCTCATAAAAGAC
rs11190133,rs11190133_FwdC,62.33960433120416,C,40,10,99518968,37.5,ACTGCTTTGAAATTATGGTTGTTGTTTAGACAGATCTGCC
rs10748781,rs10748781_FwdC,62.45475723988193,C,30,10,99523573,50.0,CGGCAGTGTTTATTTTCAAGGCAGCTTCCC
rs2310173,rs2310173_FwdT,62.836334806106436,T,36,2,102047167,41.66666666666667,CCCTTGATGTTGGCAGGGACAAAGAAAGTGAATTTT
rs2075184,rs2075184_FwdT,63.08246747250746,T,30,2,102464132,53.333333333333336,GGTTCAAGTGATTCTCCTGCCTCAGCCTCT
rs3774937,rs3774937_FwdT,62.43792012613039,T,53,4,102513096,30.18867924528302,AAAATGGTACTCAAGGCAGAGGCTATATATCAAAATTAAAATTCTGTGATACT
rs4946717,rs4946717_FwdC,62.59010615861746,C,30,6,106026874,53.333333333333336,CTGTGGGAGAACATGGACCAGGAAAACCAC
rs11839053,rs11839053_FwdT,63.14551341748967,T,35,13,106410694,45.714285714285715,GCCACTCCAGAAATGTCTTGTAACCTTTCAGAGCT
rs6466198,rs6466198_FwdA,62.7397859509727,A,26,7,107839681,57.692307692307686,CCTGAAACCCTTGCAGCTCCTGAGCA
rs13210693,rs13210693_FwdG,61.946940984057164,G,32,6,109277761,50.0,GGAGAAAGGTAAGTTAGGGAGACCAAAAGGCG
rs4561177,rs4561177_FwdA,62.13872174641324,A,52,11,110091706,30.76923076923077,CCTACATTTGGTAGAGAATATTAAACTGAAAATTATCAAGTTTGAACCCCAA
rs3184504,rs3184504_FwdT,61.60568450788645,T,23,12,111446804,65.21739130434783,CTCCAGCATCCAGGAGGTCCGGT
rs6679677,rs6679677_FwdC,63.25221014411443,C,30,1,113761186,53.333333333333336,GCGAACAAGGTCTGAATCCTTGCTCCCAAC
rs2476601,rs2476601_FwdA,62.73691831595818,A,36,1,113834946,41.66666666666667,AGCTTCCTCAACCACAATAAATGATTCAGGTGTCCA
rs661054,rs661054_FwdA,62.87643886214221,A,39,11,114559688,43.58974358974359,CCCTTTTCTTATCTTTCTCTGACTTGAGAGAACCCCTCA
rs7848647,rs7848647_FwdT,62.465092727097954,T,45,9,114806766,35.55555555555556,GGAAAGTATTTCCAGTCTGCATTGACCATTGTTTAATCAGAGTAT
rs726657,rs726657_FwdC,62.147376288162945,C,31,9,114934056,48.38709677419355,CCTTGCGTTTCTTGCTGCTGGTCATATATGC
rs4986790,rs4986790_FwdA,62.3240214254443,A,45,9,117713024,37.77777777777778,CATTGAAGAATTCCGATTAGCATACTTAGACTACTACCTCGATGA
rs62324212,rs62324212_FwdC,62.21255251480483,C,44,4,122639784,34.090909090909086,CAAAAAACTTCAGCTTTTCTAAGTCACTTTTCTAACAATGCAGC
rs9491891,rs9491891_FwdA,63.01844532509915,A,47,6,127956006,36.17021276595745,GCAGGGTACCCACAGTCTAACATTTACATAACATTTAAAATCCAGTA
rs7933433,rs7933433_FwdG,62.25523273301201,G,40,11,128324555,42.5,GACAAGATAAAGGAAGAAACCTAGGCCCTAGAAAGGAAAG
rs11221332,rs11221332_FwdC,63.013603975755075,C,48,11,128511079,35.41666666666667,GCAGGGTGAAAAAATTGTTCATCTAAGATGACATTAATCTCTGTATGC
rs6651252,rs6651252_FwdT,62.21591575129884,T,30,8,128554935,50.0,GTGCTTGACACATAGGAGGAAAAGTGGGCT
rs4728142,rs4728142_FwdG,62.04773370281288,G,26,7,128933913,57.692307692307686,GTCACACCCCAAAAAGCTCTGAGCCG
rs10988542,rs10988542_FwdG,62.361397976557726,G,26,9,129894985,57.692307692307686,AGGCAGGAGAATCGCTTGAACCTGGG
rs17622378,rs17622378_FwdA,62.128700882723024,A,22,5,132442760,68.18181818181817,GGTGGAGTGGGCCAGAGCCTGA
rs11741255,rs11741255_FwdG,62.71473114359992,G,23,5,132475490,69.56521739130434,GATGGGGAGCACAGGGCAGGAGG
rs10781500,rs10781500_FwdC,62.17378983478818,C,46,9,136374886,36.95652173913043,CATGTTCTCTAACCATATCGGAAGCTAAAAATCGGTAACAGATATC
rs3124998,rs3124998_FwdC,62.0504221228735,C,23,9,136494980,65.21739130434783,CAGGACCAAAGGACGCAGCCCAC
rs2807264,rs2807264_FwdC,62.81467344686587,C,30,X,136583619,50.0,TCTGTCACCCAAACTGGAGTGCAATGATGC
rs12863738,rs12863738_FwdC,63.23420320987458,C,23,X,136949968,69.56521739130434,GGACTACAGGCGCCCGCCACTAC
rs7831697,rs7831697_FwdT,62.57142132235066,T,56,8,137124061,32.142857142857146,TCTTCTTTTATCTCTACCTTCCCTACCTATCTCCACTTTCTGTGATTTATTATTAT
rs582757,rs582757_FwdC,62.861890851172745,C,50,6,137876687,32.0,GCACTGTGCTTTGGAAATATTATTTTACTGCATTTTTATCCTTTTAGCAC
rs6863411,rs6863411_FwdA,62.50983977047525,A,57,5,142133639,29.82456140350877,AGATCTGTTGCAATATATGGTAAATAGATCAGTATGGAAATTAGCTCTGATTAATCA
rs2538470,rs2538470_FwdA,63.28576386906684,A,29,7,148523356,51.724137931034484,CGCCTGGAGCATGAAAACACAGTCGTGAA
rs4845604,rs4845604_FwdG,62.812438221985076,G,30,1,151829204,53.333333333333336,GGCGGTTCCCTTTTCCTTTGTTCTCTCCTG
rs4129267,rs4129267_FwdC,62.66980504814535,C,30,1,154453788,53.333333333333336,CTTGCTCAGCTTGGAGTGGGGTCAATTCTC
rs2451258,rs2451258_FwdC,62.55620771428727,C,36,6,159085568,41.66666666666667,TGGTCTTTTTTCCATCCATGTTTGACCCTAATGTGC
rs4921482,rs4921482_FwdT,62.31907753808224,T,34,5,159337470,44.11764705882353,GTGTGGGCCAAGCTAACTTTGGGAGAAATTTAGT
rs6556411,rs6556411_FwdG,62.54531552414346,G,26,5,159356215,57.692307692307686,TGCCCAGTCTTCCTCATGCCCAAAGG
rs6556416,rs6556416_FwdA,62.54104510814875,A,45,5,159391737,33.33333333333333,TGATACATAAATTTTCAACTGCATGGTGGGGTCAACATTACTAAA
rs56167332,rs56167332_FwdC,62.205218610297095,C,26,5,159400761,61.53846153846154,CATCCCTGCAACTACACCCTAGGGGC
rs755374,rs755374_FwdC,62.12178377092232,C,23,5,159402286,65.21739130434783,CCGGGACCACAGCATGGAAAGCC
rs12188300,rs12188300_FwdA,62.65530299194404,A,31,5,159402519,48.38709677419355,GGCATGGAAATGACATCACCATGGCTTGAGA
rs1801274,rs1801274_FwdA,62.47140359632567,A,38,1,161509955,39.473684210526315,ACATTCTTCCAGAATGGAAAATCCCAGAAATTCTCCCA
rs2111485,rs2111485_FwdA,62.503654647353585,A,37,2,162254026,43.24324324324324,CACAGACACCAGCATGGGGTCATAAATATAAAGCCTA
rs35667974,rs35667974_FwdT,62.21454490322566,T,39,2,162268127,38.46153846153847,GAATTCTGGGGTCATATTGACGTGATGCATTTTCTCAAT
rs3747517,rs3747517_FwdT,62.317889957562784,T,52,2,162272314,32.69230769230769,CAATGTATAGCTTTATACATCATCTTCTCTCGGAAATCATTAACTGTCTCAT
rs2301436,rs2301436_FwdC,62.46821851323648,C,30,6,167024500,50.0,TGCATGTCTGGGTAATGGAAAAGGGCTTCC
rs34884278,rs34884278_FwdC,62.30527383295947,C,67,1,172869708,25.37313432835821,GTGAATTAAAACCATAATGATATACTACCAAATAACTATTAAAATGTCTTGGAAAAAAACAGACAAC
rs6425143,rs6425143_FwdT,62.75621670564226,T,47,1,172875212,34.04255319148936,ACCCATGTATTAATATTACATGCTGAGCAATATTTGGAGAGACACAT
rs1018326,rs1018326_FwdT,62.576437699905284,T,103,2,181143073,17.475728155339805,TCAAAATATCATCTTCATTATAATTCCAAAAATATAATGAAAGAAAAATTAAAATGATAACCTATCTTATTCTTACAATTAACTTAAGATTTTTTTGAGTTAT
rs7660520,rs7660520_FwdG,61.82321431061223,G,27,4,182824168,59.25925925925925,GGACCCCCCACCCAGTAACTGAATCAG
rs6689858,rs6689858_FwdT,62.92511254796074,T,34,1,197406337,47.05882352941176,GCTGTGTCCACTCAGGGTTAAATGGATTAAGGGT
rs1405108,rs1405108_FwdC,62.795254656546376,C,69,2,198880294,26.08695652173913,GGGAAAATCTTTACTTTCTAATATGAATAAAAAAAGAAATACTTCCTGAAAATGGAATGTTATCAGAAC
rs2816958,rs2816958_FwdA,62.738311955278334,A,32,1,200132792,46.875,TCAACTCCTCTGAAAGGAGTTGGGAAACTGCA
rs2297909,rs2297909_FwdG,63.1995455907728,G,25,1,200991179,64.0,GCAGCAGGGAGAAAAGAGGGAGCCG
rs7426056,rs7426056_FwdA,61.705498615756255,A,24,2,203747335,58.333333333333336,GCATGAGCCACCAAGTCCAGCCAA
rs55705316,rs55705316_FwdT,62.4226880285338,T,48,1,206760172,33.33333333333333,TGGAGCATAATAAGTTCTGAGTGAATAAGTGTGTATCTTGTAAAACCT
rs11676348,rs11676348_FwdC,62.70772370107835,C,29,2,218145423,55.172413793103445,AGAGACAGGGCTAAAGTCCTGGTTCCCAC
rs7556897,rs7556897_FwdC,62.494916593296125,C,54,2,227795396,29.629629629629626,TGGTCTTGAAAATAGTTTGTTCTGTTCTGATTATAAGTAACATGTGTTTATTGC
rs36001488,rs36001488_FwdC,62.48204703095439,C,34,2,233276621,47.05882352941176,TCAGCCTCTTGAGTAGCTGGAACAATAGGTATGC
rs4676410,rs4676410_FwdG,62.07756836280237,G,20,2,240624322,75.0,GGGCAGGGAACCCAAGGGCG
rs3749171,rs3749171_FwdC,62.702361480435286,C,30,2,240630275,53.333333333333336,CAACAGGTACATGAGCATCAGCCTGGTCAC
rs4676406,rs4676406_FwdG,62.213207481182906,G,39,2,240639691,43.58974358974359,CTGTATAGGGGTATAACTTCTGCACAGTAAGCTGAACTG
rs35320439,rs35320439_FwdT,63.181570698108715,T,29,2,241797926,55.172413793103445,CCCTTGTGTCCTCTCCAGATGCTGAGCTT
rs2024092,rs2024092_FwdA,62.39025282058196,A,25,19,1124032,60.0,GCTGAGCTGGAACAGCTGGAAGGGA
rs17885785,rs17885785_FwdT,62.81885205617357,T,25,11,2146620,60.0,GCACACTCCAAAGGACTGAGGCGGT
rs1182188,rs1182188_FwdC,62.51914007183041,C,37,7,2830351,43.24324324324324,GAATCCATTTGGAAATCAAAACAGGAGTCAGGTGGAC
rs114846446,rs114846446_FwdA,62.61971188056731,A,37,2,2944140,43.24324324324324,GGATAAATGGCAGCCATTGTGGTAAAGAGAGGAAGTA
rs36051895,rs36051895_FwdT,62.53803954831267,T,36,9,4981866,44.44444444444444,GGAAAGAAACAAACTAACTCCTGGACTTCTCCCCAT
rs7672495,rs7672495_FwdC,62.46129039020718,C,32,4,4990640,53.125,CTTTCTTCCTCCATGATAGGAGAGGGCTGGAC
rs61839660,rs61839660_FwdT,62.294517801102074,T,30,10,6052734,50.0,CAGAAAGCAGCGGCTTCTGAAGGAGGTATT
rs706778,rs706778_FwdT,62.50703987899391,T,27,10,6056986,55.55555555555556,TTGGGGCCTCTCTCCCTGGAATGTCAT
rs2104286,rs2104286_FwdC,62.73927107659836,C,37,10,6057082,45.94594594594595,TCTGATAGCCCCATGCTCAGTAGATCTTACCACATAC
rs1860545,rs1860545_FwdA,62.61799872098874,A,25,12,6337611,60.0,CCCTCCCGTGAAGCCACCATTGACA
rs7954567,rs7954567_FwdA,62.765619989325614,A,23,12,6381959,60.86956521739131,ACTCCAGCCTGGGCGACAAAGCA
rs11616188,rs11616188_FwdA,62.626077103126875,A,29,12,6393576,51.724137931034484,TGCTAATGGTGGCCTTCCTGCCACCTATA
rs3766606,rs3766606_FwdT,62.540096626562786,T,47,1,7962137,34.04255319148936,CCAGATAATCTGTAAATAGGCTAAAAAAAATTCGGAACCTCGTTGAT
rs74956615,rs74956615_FwdA,62.14462928398905,A,47,19,10317045,31.914893617021278,GGTGGTTTGAAAAATAAAACTTAGAAAAGGAAACAGAAGTCAGTTGA
rs12720356,rs12720356_FwdC,63.17338002790336,C,27,19,10359299,59.25925925925925,CGTGCTCCACGTACTCTGTCACCATGC
rs35164067,rs35164067_FwdA,62.64707052293346,A,36,19,10414505,44.44444444444444,CCACCAGGTGCTAAAGGCTAGGTTGAAGAAATGATA
rs62131887,rs62131887_FwdT,62.610761517024514,T,28,19,10476920,53.57142857142857,CCTCTGCCTTCCGGGTTCAAGCAATTCT
rs3776414,rs3776414_FwdG,62.416400370318684,G,28,5,10689450,57.14285714285714,GTTGCAGCGTCTAAGAGTCCACAGGAGG
rs367569,rs367569_FwdT,62.37275161668464,T,30,16,11271643,53.333333333333336,CAGGTCCGGTTGTGGGGTATATGCTAGACT
rs61199332,rs61199332_FwdT,62.52962200051593,T,27,8,11573132,51.85185185185185,AAACACTTGGCCCAACTCCACCCACAT
rs7042370,rs7042370_FwdC,62.37180821225661,C,30,9,12785074,50.0,TCAAGGCCCAAGGGCTCTTTTTCACCTTAC
rs1267499,rs1267499_FwdC,62.73994121558127,C,35,6,14715651,48.57142857142857,CCTGGTTCTCTCTCCATCATTCCTGCTTCTCTTTC
rs1326986,rs1326986_FwdC,62.51763739345421,C,51,10,19640584,31.372549019607842,TCAAAAAAGTTGCTAATTGAGATAACATTTATTCGTGTTCCTTTCTACTCC
rs4655215,rs4655215_FwdC,62.50151826402055,C,33,1,19811221,51.515151515151516,CTGAGACGTAGAGAGACGAAGGGACTTGTAAGC
rs3806308,rs3806308_FwdT,62.610048173308996,T,33,1,19816373,45.45454545454545,GATTTCCTTACTTTGCCCTCAAGGGCAAATGGT
rs6426833,rs6426833_FwdA,62.76859032688452,A,37,1,19845367,40.54054054054054,ATCTCCAAGACATTTGTTTCCTGAAACAGCTGAGTCA
rs2266961,rs2266961_FwdG,63.00697315414749,G,27,22,21574308,59.25925925925925,GCCTGCCATGTCTTAGCTGAGTGACCG
rs2283790,rs2283790_FwdG,62.40413797455005,G,24,22,21602364,62.5,GGAACACACCACAAGGACGTGCCG
rs34920465,rs34920465_FwdG,62.510251979495195,G,37,1,22373858,45.94594594594595,CAGCTCTGACATCCTTAGCCAGCTAGATTCTTTACTG
rs7404095,rs7404095_FwdC,62.492316859862626,C,37,16,23853269,43.24324324324324,AAGTCTCTGTGGCTTGACAGAAGGGAGTTTATTTCTC
rs7552167,rs7552167_FwdG,63.00455252200044,G,48,1,24192153,37.5,GCATATGACTCATAGTTAGAAGACCTCAGTGTTTCTTTCGAAAGTATG
rs13407913,rs13407913_FwdG,61.58100135405272,G,19,2,24874775,78.94736842105263,CAGCCGGTGAGGGGCAGGG
rs11249215,rs11249215_FwdA,62.2950070911632,A,23,1,24970693,60.86956521739131,AGGTCTGCTGCAGCCACATCCCA
rs17085007,rs17085007_FwdC,62.20560506158921,C,47,13,26957130,34.04255319148936,CGTAGCATTTTAGTAGCACGTTGTAAAATATAACTTTGGGCATATTC
rs1260326,rs1260326_FwdC,62.129195934249594,C,22,2,27508073,68.18181818181817,GCACCGTGGGTCAGACCTTGCC
rs10775412,rs10775412_FwdC,62.80006934081473,C,45,17,27542007,35.55555555555556,TGTTTTTCTTTACTCAATGTTGAATACACAGTACATCCCATCAGC
rs28998802,rs28998802_FwdA,62.43249297185196,A,38,17,27797882,42.10526315789473,GGGCTCAAGTTCCAACTCTGTAAACTCTGTAATTACCA
rs12598357,rs12598357_FwdG,62.49779457485971,G,22,16,28329624,68.18181818181817,CAGGCATGAGCCACCACGCCAG
rs925255,rs925255_FwdT,62.49523144076818,T,38,2,28391927,39.473684210526315,TAACAGTCTGGAGTTTGCTTATAAACGCCCGATTACTT
rs26528,rs26528_FwdC,62.67399166132185,C,25,16,28506388,60.0,AGGCTGCTGACATCTTGGTCCCAGC
rs12928404,rs12928404_FwdC,62.70497930727123,C,34,16,28835925,47.05882352941176,GGATTCTGTGGTCTTCCCGGCTACTTTTTTGTTC
rs140135,rs140135_FwdG,62.83260957721541,G,40,22,29767846,42.5,GCAAAAACTAAAGGCTAGTGAGAGCAAAGGACTTACTAGG
rs2394250,rs2394250_FwdT,62.37881622903319,T,35,6,29975879,42.857142857142854,AACCCCCATTAGACAATGAACCATCCATGATCACT
rs2050392,rs2050392_FwdA,62.810271333261426,A,23,10,30402574,60.86956521739131,AGCAGCAGAGGCTGCAGACTGCA
rs11574938,rs11574938_FwdC,62.4724324573786,C,24,16,30474072,62.5,TCCCAGAAGTCAACGCCCTGGAGC
rs1870293,rs1870293_FwdC,62.67125863212527,C,36,16,30959620,47.22222222222222,CATTTCCCTCTTGTTTCCTTCGAGGACTCCTATTCC
rs6905036,rs6905036_FwdC,62.70040968684992,C,41,6,31305369,41.46341463414634,CCACTTTCTCTTTACCAGTGTGAATGTCAAGTTCTCTTACC
rs17192932,rs17192932_FwdG,62.33637176638706,G,39,6,31354352,41.02564102564102,CATGAACAAATTCTGGTTAGTCATGGTAAGCGATGACAG
rs7743761,rs7743761_FwdA,62.22493016882481,A,47,6,31368323,34.04255319148936,GTACTGTTTGTTTACTACTAGAAACTTGCTTTTTGAGAGACTAAGCA
rs4463302,rs4463302_FwdC,62.493162276950045,C,42,6,31375890,38.095238095238095,CTATTATATTGTTGAACCTTTGTAGACTGCAGTGCAAATGGC
rs116488202,rs116488202_FwdT,62.308556103538365,T,38,6,31377139,39.473684210526315,TTCATTCTTAAAATTCTGTTCCAGTGTCCCTATGCCCT
rs4349859,rs4349859_FwdA,62.369827012746896,A,36,6,31398010,44.44444444444444,GCAGCCTAATCCCCTTACCTTGAGTTAATAGCTTCA
rs4418214,rs4418214_FwdC,62.83226853434422,C,25,6,31423624,60.0,AGAGAAGGGGCACGCAAGTGGGAAC
rs2844510,rs2844510_FwdT,62.69388242349322,T,24,6,31442631,62.5,GAAGCCTGGGGTCACAGCACTCGT
rs4243971,rs4243971_FwdG,62.60212041965002,G,23,20,32261714,69.56521739130434,CTCCCACTGCCCTCCACCCCTTG
rs6058869,rs6058869_FwdT,62.11459199626728,T,45,20,32760944,37.77777777777778,CTCTTAGGTAGAATAAGATCCAGTAAGTATAGACACTTTTGCGGT
rs12146962,rs12146962_FwdC,62.422102746383985,C,44,14,32911892,36.36363636363637,CTCTGCCTTTGACTTTTTTTCTTTATACCACAGAATACAACTGC
rs2284553,rs2284553_FwdG,62.899351066610905,G,23,21,33404389,69.56521739130434,GGCTCAGAACTGTCCGGGTCCCG
rs9889296,rs9889296_FwdA,62.47281616183653,A,58,17,34243528,29.310344827586203,CATGACCAGCACAGACTAGGCACTTAATTACTGTTTATTAAATTAATGAATAAATAGA
rs2812378,rs2812378_FwdA,62.92953141604039,A,31,9,34710263,48.38709677419355,TGGCACCCAGCCCCACTTATCTCAAACTAAA
rs34779708,rs34779708_FwdG,62.41140111799592,G,40,10,35177257,40.0,CTTGATTATCTTTGTGGCATGGGTATTTTCTCCTGTGTTG
rs2075726,rs2075726_FwdA,62.60787623054381,A,25,22,36914004,60.0,TGGGGTGAAGAGAGCTCAGGCCTGA
rs7100025,rs7100025_FwdA,62.44945081761375,A,67,10,37303610,23.88059701492537,AAATTGTTATATATTCATACAATGGAATAACATTCCAAAAATAAAATGAATGTGTTACAGGTACGTA
rs16967103,rs16967103_FwdC,62.696930677109606,C,36,15,38606989,41.66666666666667,ATCGGATACATGTGCAATAAATTGGCAGTTTGGTCC
rs395157,rs395157_FwdT,62.49539939396408,T,39,5,38867630,41.02564102564102,GTCATCCAGCCTTATTCTTGATGTCCTCAGATTTTTCCT
rs9977672,rs9977672_FwdA,62.15766084168126,A,38,21,39091357,39.473684210526315,CATGACAATGTTGTGCCCAAGGTCTTAGCACTAATTAA
rs2242944,rs2242944_FwdA,62.525522854098824,A,34,21,39093252,44.11764705882353,ATAAAGCATGAGGTGGGGAGAGTTCCAAAGGAAA
rs2836882,rs2836882_FwdA,62.44553186342978,A,40,21,39094644,37.5,AAGGAACATGAGTTCCTTTTTTCCTGGTATTAGAAGTGCA
rs2836883,rs2836883_FwdA,61.749488497198456,A,29,21,39094818,51.724137931034484,CCAGTCTCTAAAGACATGCCCATGAGCCA
rs378108,rs378108_FwdG,62.4101422268871,G,33,21,39097594,45.45454545454545,CACATGTGCTTTTTCAGAAGATGACCTTTGGCG
rs2143178,rs2143178_FwdC,62.6313542849262,C,27,22,39264824,55.55555555555556,AGCAGCGTCAGACCCTCAAAAACTCCC
rs12232497,rs12232497_FwdC,62.63094002282821,C,43,17,39883866,37.2093023255814,CAAGATAGTGATGTTTTATTTTCACTGTGAGCTGGCTTTGTTC
rs17466626,rs17466626_FwdG,62.51990423634862,G,40,12,40366829,37.5,ATTAAGAATTGCAGCAAGGAGTGGATCACAGATTTTGTTG
rs941823,rs941823_FwdC,62.369053553133426,C,38,13,40439840,44.73684210526316,CTTGCCTATCATGGGCCCCCTTTACTCTATGTTATTAC
rs7725052,rs7725052_FwdT,62.67574302150365,T,40,5,40487168,40.0,GTGGTCACATGGACAGTGATTCAGAGATGTTAGGAAATTT
rs10440635,rs10440635_FwdA,62.496193671233925,A,48,5,40490688,31.25,CAAAAGTCTTTCCTACCAGAGAAATTTTTTTTAAAGGCAAACCTCAAA
rs12942547,rs12942547_FwdG,62.51772095128092,G,47,17,42375526,34.04255319148936,TCTCAAACTCTTCGCTCTCATGGCCCCTTTATTTATTATTTTTTAAG
rs6561151,rs6561151_FwdA,62.825307032141495,A,33,13,43910570,48.484848484848484,TCACAGAGGGTGACTAAATTCATCTGAGGGGGA
rs7282490,rs7282490_FwdA,62.46201129318365,A,40,21,44195858,40.0,GTTACGTAGATCGTGATCAATAATGAGAAACTGTGAGGCA
rs4812833,rs4812833_FwdA,62.42342525063901,A,41,20,44440356,39.02439024390244,TGGAAGTAGAACAGCCAAGAACTTACTAAGGTATGTGAAGA
rs17095830,rs17095830_FwdG,62.87139737379209,G,33,12,45381125,51.515151515151516,CCAGAACATTCCCATCTACCAGAGTGTGTCTCG
rs1883832,rs1883832_FwdC,61.55411813094787,C,20,20,46118343,75.0,CCGCCTGGTCTCACCTCGCC
rs4802307,rs4802307_FwdT,62.12050304666275,T,38,19,46346549,39.473684210526315,CTTCAGTTAAAAACTCAAACACTGACCCTCAAGGTTGT
rs8070463,rs8070463_FwdC,62.33456244110761,C,48,17,47691470,33.33333333333333,CCTGTCTTTTAAAAAAAAAAAATTGTAAGAGCTCATCAAGGAGACCTC
rs11168249,rs11168249_FwdC,61.3392772649475,C,22,12,47814585,68.18181818181817,CTCCCCAAGCAAGGGAGTGGCC
rs602662,rs602662_FwdA,62.93840637435318,A,28,19,48703728,53.57142857142857,TGTCGGGAGAACATTGACACCTCCCACA
rs4625,rs4625_FwdG,62.474765482177474,G,26,3,49534707,61.53846153846154,GTCCGTCCATCTGCATCTCTGTCCCG
rs3197999,rs3197999_FwdA,62.12150780964123,A,22,3,49684099,63.63636363636363,GCGTGAAGACAGCTGGCCAGCA
rs12718244,rs12718244_FwdA,62.826047333010706,A,40,7,50136058,40.0,TGTCAAGGGGACAGGAGTTTATCCACCAGAAATTATAACA
rs77150043,rs77150043_FwdT,62.035491868068334,T,31,16,50270338,51.61290322580645,CAGAGAAGCAGGGGTCTTCCAGAGGTTATCT
rs117372389,rs117372389_FwdT,62.24956516128293,T,24,16,50634166,62.5,GGAGAGCACCCTTACTTGGCCCGT
rs1689510,rs1689510_FwdC,62.43718791869003,C,31,12,56002984,51.61290322580645,GAGGCTAAGTCTGCAGTGAGCCAAGATCAAC
rs71624119,rs71624119_FwdA,62.51711425929784,A,39,5,56144903,41.02564102564102,GCTCTTCTCCTTGCTCACTCATCTCAATTCCATGAAATA
rs7731626,rs7731626_FwdA,61.643496597266676,A,20,5,56148856,75.0,GGGTGGGGTGGTGGAGGGGA
rs3853824,rs3853824_FwdC,62.52735884896555,C,50,17,56803632,32.0,GCTCACTGGAAAAATGTATAAAGGAGCAAATGAATAAATGAAATAACTGC
rs11229555,rs11229555_FwdT,62.43480164530172,T,25,11,58641214,56.00000000000001,GCAAGTTGCAGCCCCAGCCAATCAT
rs259964,rs259964_FwdG,62.032456664756694,G,29,20,59249254,55.172413793103445,CTGGCTACTCTTTGGATTAAGCCCCCTCG
rs7608910,rs7608910_FwdG,62.777171297171435,G,38,2,60977721,42.10526315789473,GCCCACTTTTCTCATTTTTGTTGTCTATCTGGCTCTTG
rs11230563,rs11230563_FwdT,63.43717116413126,T,20,11,61008737,75.0,CGGCCGCGGGCCTATCCACT
rs10865331,rs10865331_FwdG,62.70746323900647,G,35,2,62324337,48.57142857142857,GTCTAAGTGACTGACTTTGGTGCCGTATCTACCAG
rs10995271,rs10995271_FwdC,62.510504017658036,C,30,10,62678726,53.333333333333336,CTTGCTCCAGTCACCAGCTAACTCATGCTC
rs10822050,rs10822050_FwdC,62.670226006906034,C,52,10,62679011,30.76923076923077,ACTTCGTAAGAGTTCCTAAAATCTTTTCCATAAGGTTTTCAATTTACTTTGC
rs2738774,rs2738774_FwdA,62.64061907564735,A,26,20,63637985,57.692307692307686,GCTGGGATTACAGGCATGAGCCACCA
rs6062496,rs6062496_FwdA,62.23351857852191,A,21,20,63697746,71.42857142857143,CAGGGCACAGCCTCCCCTGGA
rs559928,rs559928_FwdC,62.886909846937556,C,34,11,64382898,47.05882352941176,CCAAATCAAACCTCTTCCAGGTCCTCAAATGCAC
rs17030062,rs17030062_FwdA,62.52222927210556,A,47,2,65234591,34.04255319148936,AAGATACGAACTACCCATCTGAACGATTATAATTGGAAGACTTTGAA
rs568617,rs568617_FwdT,62.54766373313612,T,26,11,65885771,57.692307692307686,TCCGAGTTCTGGCCTCTCTCTGCCTT
rs17293632,rs17293632_FwdT,62.33469330229235,T,37,15,67150258,40.54054054054054,ACTTGTGACATTGTTTTATCTCTCTAGCCGGTGACTT
rs72743477,rs72743477_FwdG,62.967638277666026,G,43,15,67171953,37.2093023255814,GGCTTTCAGCTTTTGAGATTGGCTGCTTTAGATTTATTTTCTG
rs11580078,rs11580078_FwdG,62.876122382552126,G,36,1,67203951,44.44444444444444,GCTTTCTGCCTGCCATTTTGAATATTACTTCTCCCG
rs7517847,rs7517847_FwdG,62.5786294847515,G,34,1,67215986,47.05882352941176,TCTTTCTTACTCCTTTCACCTATTCCCAAGGCCG
rs11209026,rs11209026_FwdA,62.40750878268619,A,52,1,67240275,30.76923076923077,CTGTTATGTTGTCAATTCTTTCTTTGATTGGGATATTTAACAGATCATTCCA
rs80174646,rs80174646_FwdT,62.375105378548255,T,58,1,67242472,29.310344827586203,CATAGAGGCATAAGCAAGAAAAAAAATATTCAAAGTTAAGAGTCTCATGATAGTAGAT
rs10889676,rs10889676_FwdA,62.48712261206572,A,49,1,67256884,32.6530612244898,CAACCTCATGTCATCTGAACAAAGGGTTTCTAGGCTAAAAATAAAATAA
rs12141575,rs12141575_FwdA,62.38878711334888,A,52,1,67281753,30.76923076923077,GAGTACCTACAATTGAATTCTATGTATTAAAACCGCAGAAAAACACATACAA
rs11614178,rs11614178_FwdA,62.60919538920621,A,43,12,68114342,34.883720930232556,TCTTCCATTTCATTCTTCCTTGAGCAATGTGTCTCAAAATACA
rs2429929,rs2429929_FwdT,62.322030139926426,T,38,17,71725783,42.10526315789473,GCCTCTGATGTTCTCTTCCTAACTGAAGAAGGAACAAT
rs4703855,rs4703855_FwdT,62.30717178101713,T,31,5,72398072,48.38709677419355,CGTATTCCTCTGGTGCTCAGAAAATCGGCAT
rs17780256,rs17780256_FwdC,62.41254148709589,C,51,17,72646784,33.33333333333333,CCAAGTCTCTTAGAAACATGATGGCTATAAACTTATCAAAATAAATGCCTC
rs34804116,rs34804116_FwdA,62.38653730254464,A,49,5,73244023,32.6530612244898,GACTGTATATAAAGAAAAGACAAAGAAGACAACTGGAAACTGTTTTGGA
rs1569328,rs1569328_FwdT,61.6646988239134,T,26,14,75275048,53.84615384615385,CTGTGTGCGGCAGCATTTACGTAGGT
rs11236797,rs11236797_FwdA,62.53914640800252,A,50,11,76588605,32.0,AGTCACAGTTTCCTGTTTTTCATCCACTAGCTAATAAAGTTATTTCCTTA
rs1250573,rs1250573_FwdA,62.40161469848755,A,28,10,79282718,53.57142857142857,AGCAGGATGTCAGGAAAGGGTCAGGCTA
rs1250563,rs1250563_FwdC,62.50865250017915,C,39,10,79287626,38.46153846153847,TTGACCCAAGGTGCACATGTATTTGTGTATAAAACCAAC
rs1250550,rs1250550_FwdA,62.17766627119835,A,29,10,79300560,55.172413793103445,GGGGGCAGTTTGGGTGTAGAGGGAGTATA
rs7236492,rs7236492_FwdT,62.56453373527694,T,31,18,79460616,45.16129032258064,ATGGCCACTGGGGAAATGCCAAAAATACCTT
rs4389526,rs4389526_FwdA,62.38978562204812,A,34,4,80025321,44.11764705882353,CAAAACAGGAGAATGGCTCAGTGCCATATGTCAA
rs4333130,rs4333130_FwdT,62.78590065771232,T,40,4,80028675,37.5,GGAAAAACCTTCATTCATTGTTGGGCCAGATGTGTTTATT
rs7097656,rs7097656_FwdC,62.14235472130781,C,32,10,80491075,46.875,CTTCTCAGCCTTGCAAGCTTGATTTTACAGCC
rs2066363,rs2066363_FwdT,62.5013587153764,T,53,1,81771892,28.30188679245283,TTAAATGCAGAATCAGACTCATAAAAGACTTCAAACTTTGGAATTCTTTCATT
rs4552569,rs4552569_FwdT,61.905205670519365,T,37,5,83877774,43.24324324324324,CAATACCCACAGACTGTCTCTTCGTATCCTAAGTTGT
rs1800682,rs1800682_FwdG,63.11819487654532,G,43,10,88990206,39.53488372093023,GCAACATCTGTACTTTTTCATATGGTTAACTGTCCATTCCAGG
rs1847472,rs1847472_FwdA,62.548561820212115,A,70,6,90263440,21.428571428571427,ATAGCTTTTTTAAAAAATTTGAAAAATAAATCCCCAAACATAATTCTTCTGGCAAAATATTAAATCCTAA
rs72928038,rs72928038_FwdA,62.7159835280666,A,40,6,90267049,40.0,GCCCTTTTTACATTACACACAAATAGGGACGGATTTCCTA
rs30187,rs30187_FwdC,63.06014135216333,C,33,5,96788627,51.515151515151516,CCCTCACTGTGATGGTTATTAGGGGAAAACCCC
rs4869313,rs4869313_FwdG,62.366836497577935,G,67,5,96888176,22.388059701492537,GTGAGACTTCATCTCAAAAGAAAAAAAAAAAGAAAGAAAAGAATAAAAGAAAAAAAAAGAAAAATCG
rs9297145,rs9297145_FwdA,62.534223884368714,A,39,7,99161494,38.46153846153847,AATTCTGGCTGACAGCTTAAGTCCAACCTCATAAAAGAA
rs11190133,rs11190133_FwdT,62.28280665591467,T,41,10,99518968,36.58536585365854,CACTGCTTTGAAATTATGGTTGTTGTTTAGACAGATCTGCT
rs10748781,rs10748781_FwdA,61.99885841910225,A,30,10,99523573,46.666666666666664,CGGCAGTGTTTATTTTCAAGGCAGCTTCCA
rs2310173,rs2310173_FwdG,62.07088189620998,G,35,2,102047167,42.857142857142854,CCTTGATGTTGGCAGGGACAAAGAAAGTGAATTTG
rs2075184,rs2075184_FwdC,62.36713260666323,C,29,2,102464132,55.172413793103445,GTTCAAGTGATTCTCCTGCCTCAGCCTCC
rs3774937,rs3774937_FwdC,62.623609615690555,C,50,4,102513096,34.0,ATGGTACTCAAGGCAGAGGCTATATATCAAAATTAAAATTCTGTGATACC
rs4946717,rs4946717_FwdT,61.99608272114733,T,30,6,106026874,50.0,CTGTGGGAGAACATGGACCAGGAAAACCAT
rs11839053,rs11839053_FwdC,62.174338157978696,C,34,13,106410694,47.05882352941176,CCACTCCAGAAATGTCTTGTAACCTTTCAGAGCC
rs6466198,rs6466198_FwdT,62.52785153499855,T,26,7,107839681,57.692307692307686,CCTGAAACCCTTGCAGCTCCTGAGCT
rs13210693,rs13210693_FwdA,62.58212569312826,A,33,6,109277761,48.484848484848484,GGGAGAAAGGTAAGTTAGGGAGACCAAAAGGCA
rs4561177,rs4561177_FwdG,62.295840756242,G,52,11,110091706,32.69230769230769,CCTACATTTGGTAGAGAATATTAAACTGAAAATTATCAAGTTTGAACCCCAG
rs3184504,rs3184504_FwdC,62.744302735415204,C,23,12,111446804,69.56521739130434,CTCCAGCATCCAGGAGGTCCGGC
rs6679677,rs6679677_FwdA,62.81132203299495,A,30,1,113761186,50.0,GCGAACAAGGTCTGAATCCTTGCTCCCAAA
rs2476601,rs2476601_FwdG,62.70929687814572,G,35,1,113834946,45.714285714285715,GCTTCCTCAACCACAATAAATGATTCAGGTGTCCG
rs661054,rs661054_FwdG,62.34319865114253,G,38,11,114559688,44.73684210526316,CCTTTTCTTATCTTTCTCTGACTTGAGAGAACCCCTCG
rs7848647,rs7848647_FwdC,62.85801440564887,C,45,9,114806766,37.77777777777778,GGAAAGTATTTCCAGTCTGCATTGACCATTGTTTAATCAGAGTAC
rs726657,rs726657_FwdT,62.68973573402934,T,33,9,114934056,45.45454545454545,CACCTTGCGTTTCTTGCTGCTGGTCATATATGT
rs4986790,rs4986790_FwdG,62.39414053348213,G,43,9,117713024,39.53488372093023,TTGAAGAATTCCGATTAGCATACTTAGACTACTACCTCGATGG
rs62324212,rs62324212_FwdA,62.47898093695437,A,46,4,122639784,32.608695652173914,CACAAAAAACTTCAGCTTTTCTAAGTCACTTTTCTAACAATGCAGA
rs9491891,rs9491891_FwdG,62.534267795488404,G,46,6,127956006,36.95652173913043,CAGGGTACCCACAGTCTAACATTTACATAACATTTAAAATCCAGTG
rs7933433,rs7933433_FwdT,62.62610252749124,T,41,11,128324555,39.02439024390244,TGACAAGATAAAGGAAGAAACCTAGGCCCTAGAAAGGAAAT
rs11221332,rs11221332_FwdT,62.467288090454645,T,48,11,128511079,33.33333333333333,GCAGGGTGAAAAAATTGTTCATCTAAGATGACATTAATCTCTGTATGT
rs6651252,rs6651252_FwdC,62.29110707445983,C,29,8,128554935,51.724137931034484,TGCTTGACACATAGGAGGAAAAGTGGGCC
rs4728142,rs4728142_FwdA,62.809358793547574,A,27,7,128933913,55.55555555555556,GGTCACACCCCAAAAAGCTCTGAGCCA
rs10988542,rs10988542_FwdC,62.834250526424626,C,26,9,129894985,57.692307692307686,AGGCAGGAGAATCGCTTGAACCTGGC
rs17622378,rs17622378_FwdG,63.01401914755559,G,22,5,132442760,72.72727272727273,GGTGGAGTGGGCCAGAGCCTGG
rs11741255,rs11741255_FwdA,62.785813038083575,A,24,5,132475490,62.5,AGATGGGGAGCACAGGGCAGGAGA
rs10781500,rs10781500_FwdT,62.880415799616,T,47,9,136374886,36.17021276595745,CCATGTTCTCTAACCATATCGGAAGCTAAAAATCGGTAACAGATATT
rs3124998,rs3124998_FwdT,62.44064891157592,T,24,9,136494980,58.333333333333336,ACAGGACCAAAGGACGCAGCCCAT
rs2807264,rs2807264_FwdA,62.144204630105435,A,31,X,136583619,48.38709677419355,CTCTGTCACCCAAACTGGAGTGCAATGATGA
rs12863738,rs12863738_FwdT,62.49165894223614,T,23,X,136949968,65.21739130434783,GGACTACAGGCGCCCGCCACTAT
rs7831697,rs7831697_FwdG,62.404069098879575,G,55,8,137124061,34.54545454545455,CTTCTTTTATCTCTACCTTCCCTACCTATCTCCACTTTCTGTGATTTATTATTAG
rs582757,rs582757_FwdT,62.50999425304923,T,50,6,137876687,30.0,GCACTGTGCTTTGGAAATATTATTTTACTGCATTTTTATCCTTTTAGCAT
rs6863411,rs6863411_FwdT,62.41053912355369,T,57,5,142133639,29.82456140350877,AGATCTGTTGCAATATATGGTAAATAGATCAGTATGGAAATTAGCTCTGATTAATCT
rs2538470,rs2538470_FwdG,61.95465628843999,G,28,7,148523356,53.57142857142857,GCCTGGAGCATGAAAACACAGTCGTGAG
rs4845604,rs4845604_FwdA,62.50544523276574,A,31,1,151829204,48.38709677419355,AGGCGGTTCCCTTTTCCTTTGTTCTCTCCTA
rs4129267,rs4129267_FwdT,62.40849909212534,T,30,1,154453788,50.0,CTTGCTCAGCTTGGAGTGGGGTCAATTCTT
rs2451258,rs2451258_FwdT,62.72236002343857,T,38,6,159085568,39.473684210526315,TCTGGTCTTTTTTCCATCCATGTTTGACCCTAATGTGT
rs4921482,rs4921482_FwdC,62.59678461067443,C,33,5,159337470,45.45454545454545,TGTGGGCCAAGCTAACTTTGGGAGAAATTTAGC
rs6556411,rs6556411_FwdT,62.451601042235154,T,27,5,159356215,55.55555555555556,CTGCCCAGTCTTCCTCATGCCCAAAGT
rs6556416,rs6556416_FwdC,62.29734570556326,C,41,5,159391737,36.58536585365854,ACATAAATTTTCAACTGCATGGTGGGGTCAACATTACTAAC
rs56167332,rs56167332_FwdA,63.00647392427294,A,27,5,159400761,59.25925925925925,GCATCCCTGCAACTACACCCTAGGGGA
rs755374,rs755374_FwdT,63.01465119792766,T,24,5,159402286,62.5,CCCGGGACCACAGCATGGAAAGCT
rs12188300,rs12188300_FwdT,62.83874889845674,T,31,5,159402519,48.38709677419355,GGCATGGAAATGACATCACCATGGCTTGAGT
rs1801274,rs1801274_FwdG,62.292771540570584,G,37,1,161509955,43.24324324324324,CATTCTTCCAGAATGGAAAATCCCAGAAATTCTCCCG
rs2111485,rs2111485_FwdG,62.126512616820435,G,35,2,162254026,45.714285714285715,CAGACACCAGCATGGGGTCATAAATATAAAGCCTG
rs35667974,rs35667974_FwdC,62.376550667508354,C,38,2,162268127,39.473684210526315,AATTCTGGGGTCATATTGACGTGATGCATTTTCTCAAC
rs3747517,rs3747517_FwdC,62.659164796950336,C,52,2,162272314,34.61538461538461,CAATGTATAGCTTTATACATCATCTTCTCTCGGAAATCATTAACTGTCTCAC
rs2301436,rs2301436_FwdT,62.20799899479243,T,31,6,167024500,48.38709677419355,CTGCATGTCTGGGTAATGGAAAAGGGCTTCT
rs34884278,rs34884278_FwdT,62.49385324321213,T,69,1,172869708,23.18840579710145,TTGTGAATTAAAACCATAATGATATACTACCAAATAACTATTAAAATGTCTTGGAAAAAAACAGACAAT
rs6425143,rs6425143_FwdG,62.4362020849336,G,46,1,172875212,36.95652173913043,CCCATGTATTAATATTACATGCTGAGCAATATTTGGAGAGACACAG
rs1018326,rs1018326_FwdC,62.54180436804836,C,102,2,181143073,18.627450980392158,CAAAATATCATCTTCATTATAATTCCAAAAATATAATGAAAGAAAAATTAAAATGATAACCTATCTTATTCTTACAATTAACTTAAGATTTTTTTGAGTTAC
rs7660520,rs7660520_FwdA,63.255818071164924,A,28,4,182824168,57.14285714285714,CGGACCCCCCACCCAGTAACTGAATCAA
rs6689858,rs6689858_FwdC,62.11836602594741,C,33,1,197406337,48.484848484848484,CTGTGTCCACTCAGGGTTAAATGGATTAAGGGC
rs1405108,rs1405108_FwdA,62.596665303683324,A,69,2,198880294,24.637681159420293,GGGAAAATCTTTACTTTCTAATATGAATAAAAAAAGAAATACTTCCTGAAAATGGAATGTTATCAGAAA
rs2816958,rs2816958_FwdG,62.71142341897132,G,31,1,200132792,51.61290322580645,CAACTCCTCTGAAAGGAGTTGGGAAACTGCG
rs2297909,rs2297909_FwdA,62.40159912338714,A,25,1,200991179,60.0,GCAGCAGGGAGAAAAGAGGGAGCCA
rs7426056,rs7426056_FwdG,62.04003060711824,G,24,2,203747335,62.5,GCATGAGCCACCAAGTCCAGCCAG
rs55705316,rs55705316_FwdG,62.400897170406154,G,47,1,206760172,36.17021276595745,GGAGCATAATAAGTTCTGAGTGAATAAGTGTGTATCTTGTAAAACCG
rs11676348,rs11676348_FwdT,62.6751757864339,T,30,2,218145423,53.333333333333336,CAGAGACAGGGCTAAAGTCCTGGTTCCCAT
rs7556897,rs7556897_FwdT,62.324963624299414,T,55,2,227795396,29.09090909090909,GTGGTCTTGAAAATAGTTTGTTCTGTTCTGATTATAAGTAACATGTGTTTATTGT
rs36001488,rs36001488_FwdT,62.05470468107745,T,35,2,233276621,45.714285714285715,CTCAGCCTCTTGAGTAGCTGGAACAATAGGTATGT
rs4676410,rs4676410_FwdA,62.401519275087026,A,21,2,240624322,66.66666666666666,TGGGCAGGGAACCCAAGGGCA
rs3749171,rs3749171_FwdT,62.11687127480616,T,30,2,240630275,50.0,CAACAGGTACATGAGCATCAGCCTGGTCAT
rs4676406,rs4676406_FwdT,62.55417399093477,T,40,2,240639691,40.0,ACTGTATAGGGGTATAACTTCTGCACAGTAAGCTGAACTT
rs35320439,rs35320439_FwdC,62.03669072647847,C,28,2,241797926,57.14285714285714,CCTTGTGTCCTCTCCAGATGCTGAGCTC
rs2024092,rs2024092_RevC,61.83140220884661,C,21,19,1124032,71.42857142857143,GCCCGGGCTGACATCCTGCTC
rs17885785,rs17885785_RevG,62.59843874258661,G,41,11,2146620,39.02439024390244,TCTTTACCTTAGACACTCAATAAAATGGTAACACAGTGGCG
rs1182188,rs1182188_RevA,62.02012580477401,A,38,7,2830351,42.10526315789473,CAGACTCTTTAGTCAGAAGGCCAGTATTTTCATCTCCA
rs114846446,rs114846446_RevC,62.29242662653809,C,35,2,2944140,45.714285714285715,GGAGTAGAAAGCTTTAGGTCTTTTTTTCCAGGGGC
rs36051895,rs36051895_RevC,62.12490098167632,C,28,9,4981866,53.57142857142857,GAAAGGGAAACAGGCTCAAACGAAGGGC
rs7672495,rs7672495_RevA,62.627532624969945,A,28,4,4990640,53.57142857142857,GGCATTGACTGTGCCATCCCTAACCCAA
rs61839660,rs61839660_RevG,62.272565813677545,G,38,10,6052734,42.10526315789473,CAGAATCACCCACTCTTTTCTGTTTGGGACCAAAATAG
rs706778,rs706778_RevG,61.87909887874093,G,31,10,6056986,51.61290322580645,GAGCCCTGAGGGACTGGTAAATTTCCATCAG
rs2104286,rs2104286_RevA,62.59511457448218,A,41,10,6057082,41.46341463414634,GGAGGAGAAAGGCATAGATATAGTCATGGTAACACAAGTCA
rs1860545,rs1860545_RevC,62.6142232781919,C,26,12,6337611,61.53846153846154,GAGCCGGGGTGGAGGAAACAGACATC
rs7954567,rs7954567_RevC,62.37419271528097,C,45,12,6381959,37.77777777777778,TCTTCTCTTCTCTTCTTTTCTCTTTTCCTTTCCATACAGAGTCTC
rs11616188,rs11616188_RevC,62.822183334390616,C,32,12,6393576,46.875,ACTCATGCACAAAGGCAAGACCATGTGAAGAC
rs3766606,rs3766606_RevC,62.0751532027553,C,26,1,7962137,57.692307692307686,GAGTTCTCACTGCCAACGACAGCAGC
rs74956615,rs74956615_RevA,62.556837047325814,A,43,19,10317045,37.2093023255814,CCCGTGAAGATACAGAGACTGTCTCCTTTTTTTTTAACTTTGA
rs12720356,rs12720356_RevT,62.63021404964155,T,31,19,10359299,48.38709677419355,TGCCCCAGAGCAGCTGTGTCTTTACAGATAT
rs35164067,rs35164067_RevC,62.817390309660084,C,51,19,10414505,33.33333333333333,GCCTTAGCTAGCACTTCAGTTCAATGTAAATTAATGGAAACTAATGTAAAC
rs62131887,rs62131887_RevG,61.96573941112058,G,21,19,10476920,71.42857142857143,ACCTGGGAGGCTGAGGCAGGG
rs3776414,rs3776414_RevA,62.39051933013326,A,30,5,10689450,46.666666666666664,TTTCACAAGGACAGCGCCATCTGTGAATGA
rs367569,rs367569_RevG,61.9746208826258,G,28,16,11271643,57.14285714285714,CAGAGACCCAGAGAGTCTTCACGGCTTG
rs61199332,rs61199332_RevG,62.44561892172828,G,36,8,11573132,44.44444444444444,TCCTTTGAGAGCACTTTCTTAATCTCAGGGGTGATG
rs7042370,rs7042370_RevA,61.95108219408496,A,29,9,12785074,51.724137931034484,GAGATAACCAGGCCTGGCAAGATTCACCA
rs1267499,rs1267499_RevA,62.68432274621631,A,31,6,14715651,51.61290322580645,GCATCCCTTAGGGACACTGCTATGAAAGGGA
rs1326986,rs1326986_RevA,62.738880047997725,A,56,10,19640584,33.92857142857143,CCAAAATAGTCTAGTGCTAGGAGACTCCATAAAATATCTTATATAGAACAGGGTTA
rs4655215,rs4655215_RevA,63.20250694278957,A,33,1,19811221,48.484848484848484,GCAGACATACCTGGCTTGAATTCCAGTTCTCCA
rs3806308,rs3806308_RevG,62.29710961086579,G,21,1,19816373,71.42857142857143,GGGAGTGCACATGCCACCCCG
rs6426833,rs6426833_RevC,62.33700554570737,C,26,1,19845367,61.53846153846154,CACTGGAGGAAGGTCTCTCCGTTGCC
rs2266961,rs2266961_RevG,62.53065868501477,G,34,22,21574308,47.05882352941176,ACTAAGGCACAGAGAGGTAAAGTAACTTGCCCAG
rs2283790,rs2283790_RevT,62.71007362985796,T,31,22,21602364,48.38709677419355,TCTGGTTGTCTGACTTGGACTGCTGCTACAT
rs34920465,rs34920465_RevT,62.454807474370114,T,31,1,22373858,48.38709677419355,GAGGCAGGAATCTGCCAGTTGATTGACGATT
rs7404095,rs7404095_RevA,62.74916490112952,A,31,16,23853269,51.61290322580645,GGACCACCTGCACTGGTTAGTGACATGAGTA
rs7552167,rs7552167_RevT,63.043638815304746,T,29,1,24192153,55.172413793103445,GCTATGGAGGGGAGCATGACAGTGGAGTT
rs13407913,rs13407913_RevT,62.50363723964091,T,27,2,24874775,55.55555555555556,AATTCGGGGGGAACCCTGGACTCTGAT
rs11249215,rs11249215_RevC,62.71148620540572,C,25,1,24970693,64.0,TGGAGGGGTATCCTGGGGACACGAC
rs17085007,rs17085007_RevA,62.40925749297435,A,40,13,26957130,37.5,GAGCTCAGTTGATTTTCCCAGAAAACAAAGCAGAAGTTTA
rs1260326,rs1260326_RevA,62.236131385997396,A,26,2,27508073,57.692307692307686,CCTTTGTCACGGCTGGACTCTCACCA
rs10775412,rs10775412_RevT,62.496098389270344,T,46,17,27542007,34.78260869565217,AATACAATCATGTGTAACTGAAAATACTACAGACCCTTCCAGACTT
rs28998802,rs28998802_RevC,62.35035085126094,C,34,17,27797882,47.05882352941176,AATAGGATTATGACTTCCCCCAGCCTGAATGACC
rs12598357,rs12598357_RevT,62.57151588188697,T,39,16,28329624,38.46153846153847,TGAATGACTTGAGCCCACATACTAAGAAAAATCAAGGCT
rs925255,rs925255_RevG,62.461449812322826,G,30,2,28391927,50.0,ACGCCGGGCAATTAGGACGCATCTAATAAG
rs26528,rs26528_RevA,63.425236947409246,A,24,16,28506388,62.5,CGAGGTGCTGGCACAAGTGGAGCA
rs12928404,rs12928404_RevA,62.496954848386395,A,29,16,28835925,51.724137931034484,GATTCCAGTTTGGACATGGGCCTGTGGAA
rs140135,rs140135_RevG,62.06785519577022,G,23,22,29767846,65.21739130434783,CTTGCCCCTGGCTTCCTGTGCAG
rs2394250,rs2394250_RevC,62.13452438764972,C,31,6,29975879,48.38709677419355,AAAGCTGACGAAGATGGAAGGGACACAGTTC
rs2050392,rs2050392_RevC,62.562034011680055,C,24,10,30402574,66.66666666666666,CCTTCCCTGTGTGCCATCCCTCCC
rs11574938,rs11574938_RevC,62.84664732415132,C,19,16,30474072,78.94736842105263,CCCGCACCCTGCGCTTCCC
rs1870293,rs1870293_RevA,62.79820590328825,A,36,16,30959620,44.44444444444444,AGTTCAAGGCCTGAAGAATATCTTGTCTAGGGTGGA
rs6905036,rs6905036_RevA,62.63739435163916,A,31,6,31305369,51.61290322580645,TGGATGGTGTGAGAGGAGAGTGACGGAGATA
rs17192932,rs17192932_RevG,62.14936185938086,G,25,6,31354352,60.0,CGCGTGTGTGGTGGGCTGTTTAGAG
rs7743761,rs7743761_RevG,62.69123432112826,G,34,6,31368323,47.05882352941176,TGCTATTGCTGGGTCATAGGTGAGTAGATGCTTG
rs4463302,rs4463302_RevA,62.331954778472266,A,25,6,31375890,60.0,CTGCACAAGACAGCTCCAGGGACCA
rs116488202,rs116488202_RevG,62.09259692325338,G,28,6,31377139,57.14285714285714,CTCAGACCATGCCCAGCCTAGCTTACTG
rs4349859,rs4349859_RevC,62.64998027968602,C,54,6,31398010,33.33333333333333,CAAAGGTAAACATGCTCTTTAGATAAACTCTCTTACATGTCTTTGTACTTACTC
rs4418214,rs4418214_RevA,62.44428899697294,A,24,6,31423624,58.333333333333336,AGTGCACTCTGCCATGGGCTGGAA
rs2844510,rs2844510_RevC,62.349655910233594,C,27,6,31442631,55.55555555555556,CAATGAAGAGGCAGCCATCCAGCAAGC
rs4243971,rs4243971_RevA,62.66457536582652,A,32,20,32261714,46.875,AGTGGGATCAGGAAATGAAAGGGTGAGAGCAA
rs6058869,rs6058869_RevG,62.51163615413475,G,40,20,32760944,40.0,ACCAGGTGAGTAAATGAGTGAAGGGTTAATTCTTTGGATG
rs12146962,rs12146962_RevA,62.81426501077465,A,61,14,32911892,27.86885245901639,GCTATTTAAAATATTTTCATACCAGTTTATCCTTCCAAAATATAGTGAAAACACACTTCCA
rs2284553,rs2284553_RevT,62.797925964729245,T,28,21,33404389,53.57142857142857,ACTCTTCCTCTTCCGCCCCAACACTGAT
rs9889296,rs9889296_RevC,63.05180552320246,C,36,17,34243528,44.44444444444444,GGACAGGGCCTGGCATTTACTTATTCATTCATTTGC
rs2812378,rs2812378_RevC,62.82712127810777,C,33,9,34710263,48.484848484848484,GGACATAAAATTTGGCAGCTGAGGACTGTCCAC
rs34779708,rs34779708_RevA,62.82915706328862,A,51,10,35177257,33.33333333333333,CCATCACAGGAAAAAAAGATAATGATGAGAATTATTCTTACACTTCTGGGA
rs2075726,rs2075726_RevC,62.46230892264691,C,31,22,36914004,51.61290322580645,AAGCGAAGACAGACTATAGGTGCCTGACTCC
rs7100025,rs7100025_RevC,62.4423273395476,C,48,10,37303610,33.33333333333333,CAAATCTGGCTTCAACATAATGTCTTTGAGATGAATTCATGTTGTTAC
rs16967103,rs16967103_RevA,62.58529076342336,A,43,15,38606989,37.2093023255814,CTCTCCTTGACTGCACACGTTTACATCCATATTAAATTCATCA
rs395157,rs395157_RevG,62.23302884930558,G,34,5,38867630,47.05882352941176,GAGCTTCACTGATTCATCAGGTACTTTGACCACG
rs9977672,rs9977672_RevC,62.437617575583204,C,27,21,39091357,59.25925925925925,CAGGGGGCTTGGTCCTGTCTTTGTCTC
rs2242944,rs2242944_RevC,62.41248760266387,C,49,21,39093252,32.6530612244898,AGAAGCATAAACACTGTTTGATAATTCTGTATGTTTTAGTATCACTGGC
rs2836882,rs2836882_RevC,62.43976306748914,C,45,21,39094644,37.77777777777778,CAGCCTCTTATTCTTCACTTTTCATGTACTCATACTTGAACTGAC
rs2836883,rs2836883_RevC,62.17244844585531,C,29,21,39094818,55.172413793103445,CTCTTCCCTGTCTCTGTTATGTGCTGCCC
rs378108,rs378108_RevT,62.614194266426466,T,47,21,39097594,31.914893617021278,CCTGATATCTTGTTAAGGCCAAAGGAAAAGGAACAAATTGTTTTTTT
rs2143178,rs2143178_RevA,62.0132368592607,A,26,22,39264824,57.692307692307686,GGGAGGGTTGGGGAAAGCAAAGGAGA
rs12232497,rs12232497_RevA,62.55969644721313,A,66,17,39883866,25.757575757575758,TGATTGGAAAAAGTAATGAGATATATTTATCAATGTTAATTAGCAATCTGTTATAGTTATGCAGGA
rs17466626,rs17466626_RevT,62.399147640270996,T,64,12,40366829,25.0,CAATTCTATTTTCTAGGTGACCCTTCAATTATATTGAATAAAGACCAGCATTTTTTTAAAAAAT
rs941823,rs941823_RevA,62.65162505160316,A,30,13,40439840,50.0,CCTGGATCTTGCATGGTGGCTTTTCTCCAA
rs7725052,rs7725052_RevG,62.44328637088944,G,50,5,40487168,32.0,AAAGAATAAGGATCTTTTGAACCTAGTTGCTTTAAATAAATGGTGACCTG
rs10440635,rs10440635_RevC,62.18710347062819,C,40,5,40490688,40.0,GTCCTATGTGCGGTTTAATGCCTAGGAAAGTTTATTAAGC
rs12942547,rs12942547_RevT,62.29517356271043,T,39,17,42375526,38.46153846153847,GAGCCACCTGACCCGGTTTGCTTATTATTTCTTTTAAAT
rs6561151,rs6561151_RevC,62.096825750183655,C,58,13,43910570,27.586206896551722,CGAGACTCCGTCTCAAAAAAAAAAAAAAAAAAGAAAGTAGTAATAGGAATTATACAAC
rs7282490,rs7282490_RevC,62.9207301129199,C,28,21,44195858,60.71428571428571,CCTAGGAAGTGTCAGATCCCACGGGGAC
rs4812833,rs4812833_RevC,62.705108908131706,C,28,20,44440356,53.57142857142857,ACAGCACCACCTGGCCACAGTTACTTTC
rs17095830,rs17095830_RevT,62.700158400451755,T,44,12,45381125,36.36363636363637,AGCAGTAAAGTGTTATGGTGTTATATCCTGCATTGTCTAAGGAT
rs1883832,rs1883832_RevA,62.83965511050337,A,26,20,46118343,57.692307692307686,CGCACTGCAGAGGCAGACGAACCATA
rs4802307,rs4802307_RevC,62.56415737828087,C,41,19,46346549,39.02439024390244,CATCTCTGAAAAATTAGTGGTTTCTCAAGCCAAAAAGGGTC
rs8070463,rs8070463_RevA,62.002511255795525,A,33,17,47691470,48.484848484848484,GGAGGATGGGATCTGCTTCACAGTATTCAGAGA
rs11168249,rs11168249_RevA,63.12585371469078,A,27,12,47814585,55.55555555555556,GGGGAGCTGCACAAGGCCAAGATCAAA
rs602662,rs602662_RevC,62.57682612462577,C,26,19,48703728,57.692307692307686,CCATCGCCAGCAAACACCACATCACC
rs4625,rs4625_RevT,62.39321622002012,T,23,3,49534707,65.21739130434783,CAGAGTGGGCGCCCCTGAGTCAT
rs3197999,rs3197999_RevC,61.8485825105094,C,24,3,49684099,62.5,CCAACCGAGTATGCGCAAGGTCCC
rs12718244,rs12718244_RevC,62.467884805844164,C,48,7,50136058,33.33333333333333,CCAACCATCTAAAAATAATCGTCAAAATCAATGACAGTTAATGAGCAC
rs77150043,rs77150043_RevG,62.917365306165834,G,21,16,50270338,71.42857142857143,TGGAGGCGGGATGCTGGACCG
rs117372389,rs117372389_RevC,62.614063918343334,C,29,16,50634166,55.172413793103445,TCTCGGAGATTTCGAGGGTCTCTGGAAGC
rs1689510,rs1689510_RevC,62.76344706036548,C,25,12,56002984,64.0,CAGGCTGGAGAGCAGTGGCCTGATC
rs71624119,rs71624119_RevC,62.70515889973723,C,43,5,56144903,39.53488372093023,GCCCCCTTTATCAGGCATCTTCATTTCAATTCATTCTAGATAC
rs7731626,rs7731626_RevC,62.659163848799835,C,34,5,56148856,47.05882352941176,AGCCAGCAGACACCTGCTATAATTCTTAACCCTC
rs3853824,rs3853824_RevA,62.59320958037455,A,52,17,56803632,32.69230769230769,CAGATATCAAGAAAATTTCCAAGGAGGATTTAGCAAGATTATAGGGAAAGAA
rs11229555,rs11229555_RevC,62.75363897230574,C,34,11,58641214,47.05882352941176,CCTCAGGAAGGTCATTTGCAGCCAATGTTAGTTC
rs259964,rs259964_RevT,62.33684074928436,T,43,20,59249254,39.53488372093023,TACTACAGACTCATGATAAGCAGGGGGTAGTAAAGAGAGTAAT
rs7608910,rs7608910_RevT,62.50783113429452,T,41,2,60977721,39.02439024390244,TTTGTTTCCCTCCATCAGGAATTACAGACTCAGATGTCTAT
rs11230563,rs11230563_RevG,63.13873518171391,G,23,11,61008737,69.56521739130434,CCCGAGCAGTTCACCTGGTCCCG
rs10865331,rs10865331_RevT,61.7327694793222,T,28,2,62324337,50.0,GACTTGCAATGGCATCAGCTTGACCACT
rs10995271,rs10995271_RevC,62.678345893862115,C,33,10,62678726,48.484848484848484,AGGAAGCTGCATTTCATCTGAGACCTGAGAGAC
rs10822050,rs10822050_RevA,62.299054771165345,A,42,10,62679011,40.476190476190474,GCTATAGCTGCCATATATAGTGATTCCTCTGATGGATCAAGA
rs2738774,rs2738774_RevC,62.65491954675497,C,44,20,63637985,31.818181818181817,CAAAAAAAAAAAAAAAAAAAAGAAAGAGTTTGTAGGCCAGGCGC
rs6062496,rs6062496_RevC,62.72469961871877,C,24,20,63697746,62.5,TGCTGCCCACTTTCCCAGAGCTCC
rs559928,rs559928_RevA,62.01468767444658,A,29,11,64382898,48.275862068965516,GGAACAGCAAGTGCAAAGGATGAGCACAA
rs17030062,rs17030062_RevC,62.05857211029701,C,38,2,65234591,39.473684210526315,GACATACAACATGGCAAAGTGGCAAATAATCACATCAC
rs568617,rs568617_RevG,62.48220581707153,G,33,11,65885771,48.484848484848484,GAAGTGACTTGAGACACGTCACACAGTGACTTG
rs17293632,rs17293632_RevG,62.454195326469176,G,46,15,67150258,34.78260869565217,GAGGAGGTTTTGTGTTAATTGCACAGTTTTGACTTCCTTAATTATG
rs72743477,rs72743477_RevT,62.4871391262609,T,29,15,67171953,48.275862068965516,TTGGCCCCAGGAGGGTTTTTAAATGCCAT
rs11580078,rs11580078_RevG,62.523336730727806,G,67,1,67203951,26.865671641791046,GAAATAAAAGCGAGATTATAGCCTTTTAGCATCTTTCCAACACATATTTATCCATATTTATATAATG
rs7517847,rs7517847_RevA,61.72850998983449,A,34,1,67215986,47.05882352941176,CTCCAGTTTCTAGCCTACATACAGGTGTAGCTGA
rs11209026,rs11209026_RevC,62.56637227265952,C,46,1,67240275,34.78260869565217,TAGTCTAAATCAGAAAACAGAAATTCTGCAAAAACCTACCCAGTTC
rs80174646,rs80174646_RevC,62.43995869152809,C,47,1,67242472,36.17021276595745,CGTCCTTAATGTGAACAGCTTATCCTAAAATCATGGATTAAGACTTC
rs10889676,rs10889676_RevG,62.651733505850245,G,50,1,67256884,32.0,AGAACTCAGACTCTATTCTGTTGACCAGTTGTTTTTGAACTTTTAAAAAG
rs12141575,rs12141575_RevC,62.76707820947536,C,59,1,67281753,28.8135593220339,CCAAATTTCCACTTTGTTTTGCTTTGGATACTAGTCCTTGATTAAAAATATTTTCTATC
rs11614178,rs11614178_RevC,62.442327339547774,C,48,12,68114342,33.33333333333333,GTTGTTATTACTTAAATTTCCGCCCATTTTAGAGCTTTCAACTTCATC
rs2429929,rs2429929_RevT,62.496064669829195,T,34,17,71725783,47.05882352941176,CCAGGTGGTCTGTATGGTCAACTAGACTTTGGTT
rs4703855,rs4703855_RevG,62.71352822868511,G,40,5,72398072,45.0,CACAGGTAGCTACTCTGCCTTCATCCTATCTTATGTAAGG
rs17780256,rs17780256_RevT,62.31152848357675,T,31,17,72646784,41.935483870967744,AAGGCCATTTGTCGCGCTTTCCAAATTTCTT
rs34804116,rs34804116_RevG,62.531094408441504,G,39,5,73244023,41.02564102564102,TTGGGGAGAGTTTACATTTGACTCTGTTTACCCTTCATG
rs1569328,rs1569328_RevG,63.168215746273745,G,33,14,75275048,48.484848484848484,GCAACATTAAGTGAAAGGCTGCTGTCTGTACCG
rs11236797,rs11236797_RevG,63.29226577870236,G,21,11,76588605,71.42857142857143,GGCTCAGCCGCGCAGCATACG
rs1250573,rs1250573_RevC,62.45701877509782,C,26,10,79282718,61.53846153846154,CCCAGATATAGCTGCGGGGCTATGGC
rs1250563,rs1250563_RevC,62.49990499769103,C,41,10,79287626,39.02439024390244,AGCACACAATAAAGATGAAGATTAGTCCTTGAGCTTCTGTC
rs1250550,rs1250550_RevG,63.03600711150233,G,29,10,79300560,58.620689655172406,CCAGCCTGAGTTCTCCTCTCCCATTCTGG
rs7236492,rs7236492_RevG,62.26357623102143,G,30,18,79460616,50.0,GCCCATCAGGAGACAGAAATGCAAAACACG
rs4389526,rs4389526_RevA,62.60036701829489,A,59,4,80025321,28.8135593220339,TGGATTGAAATGTCAATCATAATTCATGGAGTATAACATTTCTTAGATCAGAATAGCTA
rs4333130,rs4333130_RevG,62.82174265552453,G,47,4,80028675,38.297872340425535,GGCTAAGGATTCAAACCCATTAAGTAGCTAGTTAGTCTATGTTTCAG
rs7097656,rs7097656_RevA,62.594348303590664,A,45,10,80491075,35.55555555555556,ACAGAAAATCCCCAAACATACTAAGATAAATCACCAGGAGATGAA
rs2066363,rs2066363_RevG,62.46653355250095,G,44,1,81771892,31.818181818181817,TGCAAAAGAGATTGAGAATAAAAAAGCAAAAGGGCAAAAAAAGG
rs4552569,rs4552569_RevG,62.582322426716246,G,50,5,83877774,32.0,CTCCATTTGTAGCTTGTATCAATGTCCACTTTTTAAAACATGCAAAATAG
rs1800682,rs1800682_RevT,63.106249687786715,T,29,10,88990206,51.724137931034484,GCTGCAACATGAGAGGCTCACAGACGTTT
rs1847472,rs1847472_RevG,62.43139829173208,G,30,6,90263440,53.333333333333336,GACTGTTTCCCTGAAAGCCTCCTTCTTCGG
rs72928038,rs72928038_RevC,62.50283705421242,C,55,6,90267049,29.09090909090909,TCTTAGTTCTGATTTTCTTTGTCTAACATGTTTTTTTTCTTCAAGATCAGCTTAC
rs30187,rs30187_RevA,62.71758133029414,A,35,5,96788627,42.857142857142854,GTGAAAACCATGATGAACACTTGGACACTGCAGAA
rs4869313,rs4869313_RevA,62.543336544049,A,78,5,96888176,24.358974358974358,TATGTGTGCTACACAACTCATATATCTACATATTCATGAACATAATACATATGTAAATTGTAATAGATACTTTATACA
rs9297145,rs9297145_RevG,62.00403684935105,G,32,7,99161494,50.0,GGGGACAATTTAGATGGTTCTGGCTCTCAAGG
rs11190133,rs11190133_RevG,62.50986028237776,G,109,10,99518968,16.51376146788991,AAAATAAACCAATGACATTAAAATACAATTATAAAAATATATTTTTAAAAATAATGATATGGTAATATACACAATTCTTTATTATTTGATTAAATGACAAAATCTAGCG
rs10748781,rs10748781_RevG,62.926772725957335,G,25,10,99523573,60.0,ATGTGCCCCGGTGACAGGATTGACG
rs2310173,rs2310173_RevA,62.35282390316195,A,43,2,102047167,37.2093023255814,CGTGACTGACTTCCACACACTTCCTTAATGATATTTAAACAGA
rs2075184,rs2075184_RevA,62.69233678369113,A,31,2,102464132,51.61290322580645,GTGGTACGCATCTGTAATCCCAGCTACTCCA
rs3774937,rs3774937_RevA,62.35121045770893,A,47,4,102513096,34.04255319148936,GCGTCTACATTTCTAATGCTACAGTTTTCTTCTTCCCTAAAAACATA
rs4946717,rs4946717_RevG,62.52546334960016,G,33,6,106026874,48.484848484848484,GACTCGTTTAGATTTAGCGCTGCTTCCTGTCTG
rs11839053,rs11839053_RevA,62.45753266822817,A,40,13,106410694,40.0,CTTACTCTAAGTAGAAGGATTGGTGTGAACAAAGGCACAA
rs6466198,rs6466198_RevT,63.3209616340406,T,27,7,107839681,55.55555555555556,GCTCTTGTTGGCAGGTGGCCATTCAGT
rs13210693,rs13210693_RevC,62.109461284969996,C,30,6,109277761,53.333333333333336,CACCCATGGCTCAGGACTTCACATCTTCTC
rs4561177,rs4561177_RevT,62.429426520826894,T,40,11,110091706,40.0,GCTTGGACTGCCTAATGGTAGTGATATTCATGATGCTTAT
rs3184504,rs3184504_RevA,62.93885951857385,A,24,12,111446804,58.333333333333336,AGGCATCTCAAGCCGTGTGCACCA
rs6679677,rs6679677_RevG,62.66837799421381,G,51,1,113761186,31.372549019607842,AGAAAACAGGCTTGTTAGTTGAATAAATTGCTTAAGATCACAGATTATTGG
rs2476601,rs2476601_RevT,62.81161806847382,T,36,1,113834946,47.22222222222222,GGATAGATGATGAAATCCCCCCTCCACTTCCTGTAT
rs661054,rs661054_RevT,62.35137234260742,T,41,11,114559688,36.58536585365854,GGAAGAACAAAGCAAAAGAAATTAGAAAGACTGTGTCTGCT
rs7848647,rs7848647_RevA,62.44835871271198,A,27,9,114806766,55.55555555555556,AGACAGTCACCTCGATCTGTGGCCTCA
rs726657,rs726657_RevG,62.65748198424063,G,41,9,114934056,39.02439024390244,TCTTTCCATAAACATGAAGCATAGATTGAAGGTCAACCCTG
rs4986790,rs4986790_RevT,62.61337851253285,T,57,9,117713024,28.07017543859649,CACTCACCAGGGAAAATGAAGAAACATTTGTCAAACAATTAAATAAGTCAATAATAT
rs62324212,rs62324212_RevG,62.467978696602586,G,35,4,122639784,45.714285714285715,CTGGAGCACTGATCAAAAGAGAAACATGTGTCAGG
rs9491891,rs9491891_RevT,62.18917499534831,T,55,6,127956006,29.09090909090909,CAGCTGCAAGAACATCTTTTTCCTCCATATTTATATATCCATAAAATATGGTTTT
rs7933433,rs7933433_RevC,62.366694017341786,C,35,11,128324555,45.714285714285715,GGTGCATTTCAGGGGTAGAAATCAGCCTAGAAAAC
rs11221332,rs11221332_RevG,62.66865018907396,G,34,11,128511079,47.05882352941176,CTGCATGTTGTGGAAAAGAACTGTACCAAGGAGG
rs6651252,rs6651252_RevA,62.23393648178342,A,30,8,128554935,46.666666666666664,ACGATCGGTGCTCTGCTCACATTTCAAAGA
rs4728142,rs4728142_RevC,62.792443816308094,C,31,7,128933913,51.61290322580645,TGGGCCTTCCTCCCCATTTCTTACTAACACC
rs10988542,rs10988542_RevC,61.38110331397456,C,22,9,129894985,68.18181818181817,CTCACTGCAACCTCCGCCTCCC
rs17622378,rs17622378_RevT,62.96876755163288,T,31,5,132442760,51.61290322580645,CCTAAACTCCGCAGACAGTAGCCAAAGGTCT
rs11741255,rs11741255_RevC,62.57004881079382,C,23,5,132475490,65.21739130434783,GGGCCAAAGGCTTTGTCCTGCCC
rs10781500,rs10781500_RevG,62.51421687275939,G,56,9,136374886,30.357142857142854,CTGTGGGTTATTTAGCGGTATATTATTTAATTTCCAAATATTTAGAGATTTTGCCG
rs3124998,rs3124998_RevG,62.10511496141214,G,23,9,136494980,60.86956521739131,GCACATTGAGCTGTGCAACGCCG
rs2807264,rs2807264_RevG,62.53565165447014,G,33,X,136583619,48.484848484848484,CCAGGAGTTCAAGGCTACAATGAGCCATGATTG
rs12863738,rs12863738_RevG,62.634599818426864,G,37,X,136949968,43.24324324324324,CCCGTCTCTACTAAAAATACAAAAAATTAGCCGGGCG
rs7831697,rs7831697_RevA,62.552473777816715,A,51,8,137124061,33.33333333333333,GTTCAATGTTACCACTACTACTAATAATAATGCTGCTGCTGCTAGTAATAA
rs582757,rs582757_RevG,62.413540150418896,G,45,6,137876687,37.77777777777778,TCTAATATGTAAAATAAGGCTACCAAGGCCTACATCTCACAAGAG
rs6863411,rs6863411_RevT,62.72520614064871,T,61,5,142133639,29.508196721311474,CCCTTTAAGAAGTTCCTAAATATGTACTTGTATCAAATGAAAGTATTCTGAAGAGTTATGT
rs2538470,rs2538470_RevT,62.492316859862626,T,37,7,148523356,43.24324324324324,GTCTCTCATTTTCTTTGAGACTCCTGTGGGCTAAAGT
rs4845604,rs4845604_RevC,62.50361498196946,C,36,1,151829204,41.66666666666667,AGCCTGAAGCATGAAAGGAAACACTGTAAAGAAACC
rs4129267,rs4129267_RevG,61.944068603047754,G,37,1,154453788,43.24324324324324,CCTTTGGATCTCAGATGAGGTGATGTCATTTCCTTTG
rs2451258,rs2451258_RevG,62.722608912416035,G,29,6,159085568,51.724137931034484,AGGCGAAAACTCATGAAGGCCAGGAAAGG
rs4921482,rs4921482_RevA,62.58008918042276,A,49,5,159337470,32.6530612244898,TAGTTTTACAAGGGCAATTTAGTATCTGGGAAGGGCCATTATAATTTAA
rs6556411,rs6556411_RevC,62.52240363600731,C,39,5,159356215,41.02564102564102,GTAAAGATTTTGGGCGTTATCATGAACAGAATGAGAGCC
rs6556416,rs6556416_RevT,62.528129446319156,T,31,5,159391737,48.38709677419355,AAATACAGTTCACCCATGAAGGGTGAGGGGT
rs56167332,rs56167332_RevG,63.05164874324356,G,30,5,159400761,53.333333333333336,GCCCCTGGCATTGAGAAGACCAAGAAACTG
rs755374,rs755374_RevG,62.52077136407337,G,29,5,159402286,51.724137931034484,ACAAGCAGCTGATGCCAGTAGGGTGAAAG
rs12188300,rs12188300_RevT,62.16882816290695,T,27,5,159402519,55.55555555555556,GTGCCAGAGCTCCACTTGGTCTTCTGT
rs1801274,rs1801274_RevT,61.6703125995719,T,30,1,161509955,50.0,CTTGTGGGATGGAGAAGGTGGGATCCAAAT
rs2111485,rs2111485_RevT,62.693483871991305,T,39,2,162254026,41.02564102564102,CATTTTCTTTCTTCTTCCTCAGGGAAATTCCACCCTTCT
rs35667974,rs35667974_RevA,62.330493707221024,A,34,2,162268127,47.05882352941176,GTGCTAGCCTGTTCTGGGGAAGATATCCATGTAA
rs3747517,rs3747517_RevA,62.06303772007516,A,32,2,162272314,46.875,GTTGCTCACAGTGGTTCAGGAGTTATCGAACA
rs2301436,rs2301436_RevG,62.472747416048435,G,58,6,167024500,29.310344827586203,CTCTTTAGAATTCTGTTTGATATAAACTAAATTGACCTCTTCACTGTGATTTTTTTCG
rs34884278,rs34884278_RevG,62.6425736578185,G,37,1,172869708,43.24324324324324,AGTTCCTGTTACTCTACATCTTTGTCAGCCTTTGGTG
rs6425143,rs6425143_RevA,62.49533890270379,A,32,1,172875212,50.0,GCTGGTCCCCTAGTGAATGTGTCAGTAACTCA
rs1018326,rs1018326_RevA,62.26667681225257,A,49,2,181143073,34.69387755102041,GGACTTTAATGCCAAGGTCAGTATTAAGATTCCAGTATATAGATGGAAA
rs7660520,rs7660520_RevC,62.26166336301685,C,37,4,182824168,43.24324324324324,CAGAGATGAAATCATAGGGAGTCGTGTCTTTTTGCAC
rs6689858,rs6689858_RevA,62.72592030261387,A,35,1,197406337,40.0,TCAAGCATCTGTTTAACAAAGCACATCTTGCACCA
rs1405108,rs1405108_RevG,62.44032520281752,G,41,2,198880294,39.02439024390244,AATAGGCTGTCTACCCTTGTGACTAGAAAACAAAACATCAG
rs2816958,rs2816958_RevT,62.464499418382104,T,28,1,200132792,53.57142857142857,TTGCTAAGGCTCCTGGAGGTGATCCCAT
rs2297909,rs2297909_RevC,63.5648468886389,C,22,1,200991179,72.72727272727273,GCTCCAGGCCACCCTGCTCACC
rs7426056,rs7426056_RevT,62.427940656932094,T,57,2,203747335,28.07017543859649,GAAGTGAGCCAGTGTTCTCATTTTTCACATACATACTTTAATTCAAAATACAAATAT
rs55705316,rs55705316_RevA,61.77173825810098,A,23,1,206760172,60.86956521739131,GCTTGGAGGCAAGCCAAGCCAGA
rs11676348,rs11676348_RevG,62.39005217079409,G,39,2,218145423,41.02564102564102,TAACTGTAGCAGAATAGAGAAAAAACACTGACCACCTCG
rs7556897,rs7556897_RevG,62.73655764821916,G,43,2,227795396,34.883720930232556,ACATGCCACTGCACCTGGATATTTACCCTTTTTTAAAAAAAAG
rs36001488,rs36001488_RevG,62.36410252400282,G,44,2,233276621,34.090909090909086,TCTCTTAAAAACTAAAAAACAAAAATTAGCCAGGTGTGGTAGCG
rs4676410,rs4676410_RevC,61.65141448259027,C,21,2,240624322,71.42857142857143,CAGGCCCAGTCCCCAGTGTGC
rs3749171,rs3749171_RevG,62.92609922711597,G,19,2,240630275,78.94736842105263,CGGTCCACGGCGATGGCCG
rs4676406,rs4676406_RevC,62.05234028711851,C,27,2,240639691,55.55555555555556,GTCCAACGTATCACGCTGTGCACCTTC
rs35320439,rs35320439_RevA,62.44519410650429,A,23,2,241797926,60.86956521739131,AGACACCACACCTGCACTCGGCA
rs2024092,rs2024092_RevT,63.3284775302734,T,22,19,1124032,68.18181818181817,GGCCCGGGCTGACATCCTGCTT
rs17885785,rs17885785_RevA,62.516556943373246,A,42,11,2146620,38.095238095238095,GTCTTTACCTTAGACACTCAATAAAATGGTAACACAGTGGCA
rs1182188,rs1182188_RevG,62.557280513372916,G,38,7,2830351,44.73684210526316,CAGACTCTTTAGTCAGAAGGCCAGTATTTTCATCTCCG
rs114846446,rs114846446_RevT,62.629144727688015,T,37,2,2944140,43.24324324324324,CTGGAGTAGAAAGCTTTAGGTCTTTTTTTCCAGGGGT
rs36051895,rs36051895_RevA,62.43407849939172,A,29,9,4981866,51.724137931034484,GGAAAGGGAAACAGGCTCAAACGAAGGGA
rs7672495,rs7672495_RevG,62.91073085680688,G,28,4,4990640,57.14285714285714,GGCATTGACTGTGCCATCCCTAACCCAG
rs61839660,rs61839660_RevA,62.7667148382821,A,39,10,6052734,38.46153846153847,ACAGAATCACCCACTCTTTTCTGTTTGGGACCAAAATAA
rs706778,rs706778_RevA,62.929078959217236,A,32,10,6056986,50.0,GGAGCCCTGAGGGACTGGTAAATTTCCATCAA
rs2104286,rs2104286_RevG,62.08672608742717,G,40,10,6057082,42.5,GAGGAGAAAGGCATAGATATAGTCATGGTAACACAAGTCG
rs1860545,rs1860545_RevT,62.312624832717745,T,26,12,6337611,57.692307692307686,GAGCCGGGGTGGAGGAAACAGACATT
rs7954567,rs7954567_RevT,62.45338550266382,T,46,12,6381959,36.95652173913043,CTCTTCTCTTCTCTTCTTTTCTCTTTTCCTTTCCATACAGAGTCTT
rs11616188,rs11616188_RevT,62.27185574456024,T,32,12,6393576,43.75,ACTCATGCACAAAGGCAAGACCATGTGAAGAT
rs3766606,rs3766606_RevA,62.401847625309244,A,27,1,7962137,55.55555555555556,GGAGTTCTCACTGCCAACGACAGCAGA
rs74956615,rs74956615_RevT,62.689316715939356,T,43,19,10317045,37.2093023255814,CCCGTGAAGATACAGAGACTGTCTCCTTTTTTTTTAACTTTGT
rs12720356,rs12720356_RevG,62.146187225233916,G,30,19,10359299,53.333333333333336,GCCCCAGAGCAGCTGTGTCTTTACAGATAG
rs35164067,rs35164067_RevT,62.470959307537726,T,51,19,10414505,31.372549019607842,GCCTTAGCTAGCACTTCAGTTCAATGTAAATTAATGGAAACTAATGTAAAT
rs62131887,rs62131887_RevA,63.3452615385724,A,24,19,10476920,66.66666666666666,GCTACCTGGGAGGCTGAGGCAGGA
rs3776414,rs3776414_RevC,62.52570985281369,C,27,5,10689450,55.55555555555556,CACAAGGACAGCGCCATCTGTGAATGC
rs367569,rs367569_RevA,62.33311317862342,A,29,16,11271643,55.172413793103445,CCAGAGACCCAGAGAGTCTTCACGGCTTA
rs61199332,rs61199332_RevA,62.56685718913593,A,43,8,11573132,37.2093023255814,ACAAATATCCTTTGAGAGCACTTTCTTAATCTCAGGGGTGATA
rs7042370,rs7042370_RevG,62.6513581477364,G,29,9,12785074,55.172413793103445,GAGATAACCAGGCCTGGCAAGATTCACCG
rs1267499,rs1267499_RevG,63.3163770091528,G,31,6,14715651,54.83870967741935,GCATCCCTTAGGGACACTGCTATGAAAGGGG
rs1326986,rs1326986_RevG,62.55460949097693,G,55,10,19640584,34.54545454545455,CAAAATAGTCTAGTGCTAGGAGACTCCATAAAATATCTTATATAGAACAGGGTTG
rs4655215,rs4655215_RevG,62.20001775877506,G,32,1,19811221,50.0,CAGACATACCTGGCTTGAATTCCAGTTCTCCG
rs3806308,rs3806308_RevA,62.34537604649552,A,22,1,19816373,63.63636363636363,AGGGAGTGCACATGCCACCCCA
rs6426833,rs6426833_RevT,62.40565273828207,T,27,1,19845367,55.55555555555556,TCACTGGAGGAAGGTCTCTCCGTTGCT
rs2266961,rs2266961_RevC,62.396595296084115,C,36,22,21574308,44.44444444444444,TAACTAAGGCACAGAGAGGTAAAGTAACTTGCCCAC
rs2283790,rs2283790_RevC,62.5976906226947,C,30,22,21602364,53.333333333333336,CTGGTTGTCTGACTTGGACTGCTGCTACAC
rs34920465,rs34920465_RevC,62.34204270249154,C,30,1,22373858,50.0,AGGCAGGAATCTGCCAGTTGATTGACGATC
rs7404095,rs7404095_RevG,62.420960255902,G,30,16,23853269,53.333333333333336,GACCACCTGCACTGGTTAGTGACATGAGTG
rs7552167,rs7552167_RevC,63.30883942724893,C,29,1,24192153,58.620689655172406,GCTATGGAGGGGAGCATGACAGTGGAGTC
rs13407913,rs13407913_RevC,62.72704153667394,C,30,2,24874775,53.333333333333336,ATAAATTCGGGGGGAACCCTGGACTCTGAC
rs11249215,rs11249215_RevT,62.67505440695419,T,26,1,24970693,61.53846153846154,GTGGAGGGGTATCCTGGGGACACGAT
rs17085007,rs17085007_RevG,62.35457817212392,G,38,13,26957130,39.473684210526315,GCTCAGTTGATTTTCCCAGAAAACAAAGCAGAAGTTTG
rs1260326,rs1260326_RevG,62.9982990424258,G,26,2,27508073,61.53846153846154,CCTTTGTCACGGCTGGACTCTCACCG
rs10775412,rs10775412_RevG,62.44165266705181,G,42,17,27542007,40.476190476190474,CAATCATGTGTAACTGAAAATACTACAGACCCTTCCAGACTG
rs28998802,rs28998802_RevT,62.346226123125405,T,37,17,27797882,43.24324324324324,TCTAATAGGATTATGACTTCCCCCAGCCTGAATGACT
rs12598357,rs12598357_RevC,62.37729074555409,C,38,16,28329624,42.10526315789473,GAATGACTTGAGCCCACATACTAAGAAAAATCAAGGCC
rs925255,rs925255_RevA,62.19694192604646,A,30,2,28391927,46.666666666666664,ACGCCGGGCAATTAGGACGCATCTAATAAA
rs26528,rs26528_RevG,62.328990646007355,G,23,16,28506388,65.21739130434783,GAGGTGCTGGCACAAGTGGAGCG
rs12928404,rs12928404_RevG,62.40352720731323,G,27,16,28835925,55.55555555555556,TTCCAGTTTGGACATGGGCCTGTGGAG
rs140135,rs140135_RevC,62.30651872668699,C,23,22,29767846,65.21739130434783,CTTGCCCCTGGCTTCCTGTGCAC
rs2394250,rs2394250_RevA,62.56052533174625,A,34,6,29975879,47.05882352941176,CCTAAAGCTGACGAAGATGGAAGGGACACAGTTA
rs2050392,rs2050392_RevT,62.6334373403713,T,25,10,30402574,60.0,TCCTTCCCTGTGTGCCATCCCTCCT
rs11574938,rs11574938_RevG,63.15982276334711,G,19,16,30474072,78.94736842105263,CCCGCACCCTGCGCTTCCG
rs1870293,rs1870293_RevG,62.25540512803684,G,34,16,30959620,47.05882352941176,TTCAAGGCCTGAAGAATATCTTGTCTAGGGTGGG
rs6905036,rs6905036_RevG,62.76268961381703,G,30,6,31305369,56.666666666666664,GGATGGTGTGAGAGGAGAGTGACGGAGATG
rs17192932,rs17192932_RevC,62.3638096959794,C,25,6,31354352,60.0,CGCGTGTGTGGTGGGCTGTTTAGAC
rs7743761,rs7743761_RevT,62.62367835276922,T,35,6,31368323,45.714285714285715,CTGCTATTGCTGGGTCATAGGTGAGTAGATGCTTT
rs4463302,rs4463302_RevG,62.69255949059749,G,24,6,31375890,62.5,TGCACAAGACAGCTCCAGGGACCG
rs116488202,rs116488202_RevA,62.452166822031984,A,29,6,31377139,55.172413793103445,CCTCAGACCATGCCCAGCCTAGCTTACTA
rs4349859,rs4349859_RevT,62.503781815822435,T,54,6,31398010,31.48148148148148,CAAAGGTAAACATGCTCTTTAGATAAACTCTCTTACATGTCTTTGTACTTACTT
rs4418214,rs4418214_RevG,62.77615806222917,G,24,6,31423624,62.5,AGTGCACTCTGCCATGGGCTGGAG
rs2844510,rs2844510_RevA,62.570089272751034,A,29,6,31442631,51.724137931034484,GACAATGAAGAGGCAGCCATCCAGCAAGA
rs4243971,rs4243971_RevC,62.41797891164663,C,31,20,32261714,51.61290322580645,GTGGGATCAGGAAATGAAAGGGTGAGAGCAC
rs6058869,rs6058869_RevA,62.57827122637059,A,45,20,32760944,37.77777777777778,CTCTTACCAGGTGAGTAAATGAGTGAAGGGTTAATTCTTTGGATA
rs12146962,rs12146962_RevG,62.50875947154759,G,49,14,32911892,32.6530612244898,ATTTTCATACCAGTTTATCCTTCCAAAATATAGTGAAAACACACTTCCG
rs2284553,rs2284553_RevC,62.465774582535175,C,27,21,33404389,59.25925925925925,CTCTTCCTCTTCCGCCCCAACACTGAC
rs9889296,rs9889296_RevT,62.535002683801736,T,38,17,34243528,39.473684210526315,TAGGACAGGGCCTGGCATTTACTTATTCATTCATTTGT
rs2812378,rs2812378_RevT,62.29368690709396,T,33,9,34710263,45.45454545454545,GGACATAAAATTTGGCAGCTGAGGACTGTCCAT
rs34779708,rs34779708_RevC,62.65619340474359,C,50,10,35177257,34.0,CATCACAGGAAAAAAAGATAATGATGAGAATTATTCTTACACTTCTGGGC
rs2075726,rs2075726_RevT,62.490512514090995,T,33,22,36914004,48.484848484848484,CAAAGCGAAGACAGACTATAGGTGCCTGACTCT
rs7100025,rs7100025_RevT,62.51491695751838,T,49,10,37303610,30.612244897959183,TCAAATCTGGCTTCAACATAATGTCTTTGAGATGAATTCATGTTGTTAT
rs16967103,rs16967103_RevG,62.293355326198025,G,41,15,38606989,39.02439024390244,CTCCTTGACTGCACACGTTTACATCCATATTAAATTCATCG
rs395157,rs395157_RevA,62.459627675798004,A,37,5,38867630,40.54054054054054,AAAGAGCTTCACTGATTCATCAGGTACTTTGACCACA
rs9977672,rs9977672_RevT,62.1428452402979,T,27,21,39091357,55.55555555555556,CAGGGGGCTTGGTCCTGTCTTTGTCTT
rs2242944,rs2242944_RevT,62.541341948044646,T,54,21,39093252,29.629629629629626,ATAACAGAAGCATAAACACTGTTTGATAATTCTGTATGTTTTAGTATCACTGGT
rs2836882,rs2836882_RevT,62.94493594935284,T,46,21,39094644,36.95652173913043,CCAGCCTCTTATTCTTCACTTTTCATGTACTCATACTTGAACTGAT
rs2836883,rs2836883_RevT,62.892229586317626,T,30,21,39094818,53.333333333333336,CCTCTTCCCTGTCTCTGTTATGTGCTGCCT
rs378108,rs378108_RevC,62.78163650247143,C,47,21,39097594,34.04255319148936,CCTGATATCTTGTTAAGGCCAAAGGAAAAGGAACAAATTGTTTTTTC
rs2143178,rs2143178_RevG,62.77417088043592,G,26,22,39264824,61.53846153846154,GGGAGGGTTGGGGAAAGCAAAGGAGG
rs12232497,rs12232497_RevG,62.44641673668059,G,65,17,39883866,27.692307692307693,GATTGGAAAAAGTAATGAGATATATTTATCAATGTTAATTAGCAATCTGTTATAGTTATGCAGGG
rs17466626,rs17466626_RevC,62.41002964756905,C,63,12,40366829,25.396825396825395,AATTCTATTTTCTAGGTGACCCTTCAATTATATTGAATAAAGACCAGCATTTTTTTAAAAAAC
rs941823,rs941823_RevG,62.91572034802732,G,30,13,40439840,53.333333333333336,CCTGGATCTTGCATGGTGGCTTTTCTCCAG
rs7725052,rs7725052_RevA,62.48347375054277,A,52,5,40487168,30.76923076923077,AGAAAGAATAAGGATCTTTTGAACCTAGTTGCTTTAAATAAATGGTGACCTA
rs10440635,rs10440635_RevT,62.54613895651988,T,41,5,40490688,39.02439024390244,GGTCCTATGTGCGGTTTAATGCCTAGGAAAGTTTATTAAGT
rs12942547,rs12942547_RevC,62.45970261179025,C,38,17,42375526,39.473684210526315,AGCCACCTGACCCGGTTTGCTTATTATTTCTTTTAAAC
rs6561151,rs6561151_RevT,62.70303882686426,T,59,13,43910570,27.11864406779661,GCGAGACTCCGTCTCAAAAAAAAAAAAAAAAAAGAAAGTAGTAATAGGAATTATACAAT
rs7282490,rs7282490_RevT,62.28737834463959,T,28,21,44195858,57.14285714285714,CCTAGGAAGTGTCAGATCCCACGGGGAT
rs4812833,rs4812833_RevT,62.42454193481825,T,28,20,44440356,50.0,ACAGCACCACCTGGCCACAGTTACTTTT
rs17095830,rs17095830_RevC,62.61725814892884,C,43,12,45381125,39.53488372093023,GCAGTAAAGTGTTATGGTGTTATATCCTGCATTGTCTAAGGAC
rs1883832,rs1883832_RevG,62.21258060598973,G,25,20,46118343,60.0,GCACTGCAGAGGCAGACGAACCATG
rs4802307,rs4802307_RevA,62.942719775605724,A,42,19,46346549,38.095238095238095,CCATCTCTGAAAAATTAGTGGTTTCTCAAGCCAAAAAGGGTA
rs8070463,rs8070463_RevG,62.599614582745005,G,33,17,47691470,51.515151515151516,GGAGGATGGGATCTGCTTCACAGTATTCAGAGG
rs11168249,rs11168249_RevG,61.90279350047183,G,26,12,47814585,57.692307692307686,GGGAGCTGCACAAGGCCAAGATCAAG
rs602662,rs602662_RevT,61.84442509801477,T,26,19,48703728,53.84615384615385,CCATCGCCAGCAAACACCACATCACT
rs4625,rs4625_RevC,62.42336065758866,C,22,3,49534707,68.18181818181817,AGAGTGGGCGCCCCTGAGTCAC
rs3197999,rs3197999_RevT,62.704171729231575,T,25,3,49684099,60.0,CCCAACCGAGTATGCGCAAGGTCCT
rs12718244,rs12718244_RevT,62.65721851052558,T,49,7,50136058,30.612244897959183,ACCAACCATCTAAAAATAATCGTCAAAATCAATGACAGTTAATGAGCAT
rs77150043,rs77150043_RevA,62.50002476828183,A,22,16,50270338,68.18181818181817,CTGGAGGCGGGATGCTGGACCA
rs117372389,rs117372389_RevA,62.4892103250595,A,36,16,50634166,44.44444444444444,TTTATCTTCTCGGAGATTTCGAGGGTCTCTGGAAGA
rs1689510,rs1689510_RevG,62.31035703103203,G,24,12,56002984,62.5,AGGCTGGAGAGCAGTGGCCTGATG
rs71624119,rs71624119_RevT,62.289136321825254,T,43,5,56144903,37.2093023255814,GCCCCCTTTATCAGGCATCTTCATTTCAATTCATTCTAGATAT
rs7731626,rs7731626_RevT,62.42532630749304,T,34,5,56148856,44.11764705882353,AGCCAGCAGACACCTGCTATAATTCTTAACCCTT
rs3853824,rs3853824_RevG,62.417024826840816,G,51,17,56803632,33.33333333333333,AGATATCAAGAAAATTTCCAAGGAGGATTTAGCAAGATTATAGGGAAAGAG
rs11229555,rs11229555_RevA,62.508547855832035,A,37,11,58641214,40.54054054054054,TAACCTCAGGAAGGTCATTTGCAGCCAATGTTAGTTA
rs259964,rs259964_RevC,62.49848300243781,C,39,20,59249254,43.58974358974359,ACAGACTCATGATAAGCAGGGGGTAGTAAAGAGAGTAAC
rs7608910,rs7608910_RevC,62.7919620748026,C,39,2,60977721,43.58974358974359,TGTTTCCCTCCATCAGGAATTACAGACTCAGATGTCTAC
rs11230563,rs11230563_RevA,62.275060253410516,A,23,11,61008737,65.21739130434783,CCCGAGCAGTTCACCTGGTCCCA
rs10865331,rs10865331_RevC,62.4184075491122,C,28,2,62324337,53.57142857142857,GACTTGCAATGGCATCAGCTTGACCACC
rs10995271,rs10995271_RevG,62.50942292697522,G,33,10,62678726,48.484848484848484,AGGAAGCTGCATTTCATCTGAGACCTGAGAGAG
rs10822050,rs10822050_RevG,62.76902703576144,G,42,10,62679011,42.857142857142854,GCTATAGCTGCCATATATAGTGATTCCTCTGATGGATCAAGG
rs2738774,rs2738774_RevT,62.54135469825047,T,45,20,63637985,28.888888888888886,TCAAAAAAAAAAAAAAAAAAAAGAAAGAGTTTGTAGGCCAGGCGT
rs6062496,rs6062496_RevT,62.49505882053171,T,27,20,63697746,55.55555555555556,GATTGCTGCCCACTTTCCCAGAGCTCT
rs559928,rs559928_RevG,62.288411887982534,G,29,11,64382898,51.724137931034484,GGAACAGCAAGTGCAAAGGATGAGCACAG
rs17030062,rs17030062_RevT,62.65541997882815,T,39,2,65234591,38.46153846153847,GGACATACAACATGGCAAAGTGGCAAATAATCACATCAT
rs568617,rs568617_RevA,62.53817113999935,A,35,11,65885771,45.714285714285715,GAGAAGTGACTTGAGACACGTCACACAGTGACTTA
rs17293632,rs17293632_RevA,62.5026757571369,A,50,15,67150258,30.0,AAATGAGGAGGTTTTGTGTTAATTGCACAGTTTTGACTTCCTTAATTATA
rs72743477,rs72743477_RevC,62.02248711191544,C,27,15,67171953,55.55555555555556,GGCCCCAGGAGGGTTTTTAAATGCCAC
rs11580078,rs11580078_RevC,62.438043588617404,C,67,1,67203951,26.865671641791046,GAAATAAAAGCGAGATTATAGCCTTTTAGCATCTTTCCAACACATATTTATCCATATTTATATAATC
rs7517847,rs7517847_RevC,62.33232092682118,C,33,1,67215986,48.484848484848484,TCCAGTTTCTAGCCTACATACAGGTGTAGCTGC
rs11209026,rs11209026_RevT,62.39331429387158,T,46,1,67240275,32.608695652173914,TAGTCTAAATCAGAAAACAGAAATTCTGCAAAAACCTACCCAGTTT
rs80174646,rs80174646_RevA,63.03111594280398,A,48,1,67242472,35.41666666666667,GCGTCCTTAATGTGAACAGCTTATCCTAAAATCATGGATTAAGACTTA
rs10889676,rs10889676_RevT,62.40841734976999,T,50,1,67256884,30.0,AGAACTCAGACTCTATTCTGTTGACCAGTTGTTTTTGAACTTTTAAAAAT
rs12141575,rs12141575_RevT,62.633196943557266,T,59,1,67281753,27.11864406779661,CCAAATTTCCACTTTGTTTTGCTTTGGATACTAGTCCTTGATTAAAAATATTTTCTATT
rs11614178,rs11614178_RevT,62.277462827202555,T,48,12,68114342,31.25,GTTGTTATTACTTAAATTTCCGCCCATTTTAGAGCTTTCAACTTCATT
rs2429929,rs2429929_RevA,62.38731380012331,A,36,17,71725783,44.44444444444444,TACCAGGTGGTCTGTATGGTCAACTAGACTTTGGTA
rs4703855,rs4703855_RevA,62.22094239237367,A,40,5,72398072,42.5,CACAGGTAGCTACTCTGCCTTCATCCTATCTTATGTAAGA
rs17780256,rs17780256_RevG,62.639563991105206,G,30,17,72646784,46.666666666666664,AGGCCATTTGTCGCGCTTTCCAAATTTCTG
rs34804116,rs34804116_RevT,62.48889873237266,T,46,5,73244023,34.78260869565217,CATTAATTTGGGGAGAGTTTACATTTGACTCTGTTTACCCTTCATT
rs1569328,rs1569328_RevA,62.568845263228866,A,33,14,75275048,45.45454545454545,GCAACATTAAGTGAAAGGCTGCTGTCTGTACCA
rs11236797,rs11236797_RevT,62.13371622385097,T,21,11,76588605,66.66666666666666,GGCTCAGCCGCGCAGCATACT
rs1250573,rs1250573_RevT,62.99834356130333,T,27,10,79282718,59.25925925925925,CCCCAGATATAGCTGCGGGGCTATGGT
rs1250563,rs1250563_RevG,62.63808309804534,G,41,10,79287626,39.02439024390244,AGCACACAATAAAGATGAAGATTAGTCCTTGAGCTTCTGTG
rs1250550,rs1250550_RevT,62.557390474419094,T,29,10,79300560,55.172413793103445,CCAGCCTGAGTTCTCCTCTCCCATTCTGT
rs7236492,rs7236492_RevA,62.47746144679206,A,31,18,79460616,45.16129032258064,TGCCCATCAGGAGACAGAAATGCAAAACACA
rs4389526,rs4389526_RevT,62.43027197292679,T,58,4,80025321,29.310344827586203,GGATTGAAATGTCAATCATAATTCATGGAGTATAACATTTCTTAGATCAGAATAGCTT
rs4333130,rs4333130_RevA,62.65120408067327,A,47,4,80028675,36.17021276595745,GGCTAAGGATTCAAACCCATTAAGTAGCTAGTTAGTCTATGTTTCAA
rs7097656,rs7097656_RevG,62.77455674909527,G,45,10,80491075,37.77777777777778,ACAGAAAATCCCCAAACATACTAAGATAAATCACCAGGAGATGAG
rs2066363,rs2066363_RevA,62.394924207717054,A,46,1,81771892,30.434782608695656,CATGCAAAAGAGATTGAGAATAAAAAAGCAAAAGGGCAAAAAAAGA
rs4552569,rs4552569_RevA,62.422328133466806,A,50,5,83877774,30.0,CTCCATTTGTAGCTTGTATCAATGTCCACTTTTTAAAACATGCAAAATAA
rs1800682,rs1800682_RevC,63.36332625170883,C,29,10,88990206,55.172413793103445,GCTGCAACATGAGAGGCTCACAGACGTTC
rs1847472,rs1847472_RevT,61.97132926846916,T,30,6,90263440,50.0,GACTGTTTCCCTGAAAGCCTCCTTCTTCGT
rs72928038,rs72928038_RevT,62.48951020143534,T,56,6,90267049,28.57142857142857,GTCTTAGTTCTGATTTTCTTTGTCTAACATGTTTTTTTTCTTCAAGATCAGCTTAT
rs30187,rs30187_RevG,62.463047938235604,G,34,5,96788627,44.11764705882353,TGAAAACCATGATGAACACTTGGACACTGCAGAG
rs4869313,rs4869313_RevC,62.564287692357595,C,75,5,96888176,26.666666666666668,GTGTGCTACACAACTCATATATCTACATATTCATGAACATAATACATATGTAAATTGTAATAGATACTTTATACC
rs9297145,rs9297145_RevT,62.83925164979729,T,33,7,99161494,48.484848484848484,GGGGGACAATTTAGATGGTTCTGGCTCTCAAGT
rs11190133,rs11190133_RevA,62.47853596363251,A,110,10,99518968,16.363636363636363,CAAAATAAACCAATGACATTAAAATACAATTATAAAAATATATTTTTAAAAATAATGATATGGTAATATACACAATTCTTTATTATTTGATTAAATGACAAAATCTAGCA
rs10748781,rs10748781_RevT,62.48630396582581,T,27,10,99523573,55.55555555555556,GAATGTGCCCCGGTGACAGGATTGACT
rs2310173,rs2310173_RevC,61.99005413915222,C,42,2,102047167,38.095238095238095,GTGACTGACTTCCACACACTTCCTTAATGATATTTAAACAGC
rs2075184,rs2075184_RevG,62.80797914534054,G,30,2,102464132,53.333333333333336,TGGTACGCATCTGTAATCCCAGCTACTCCG
rs3774937,rs3774937_RevG,62.99882879182286,G,47,4,102513096,36.17021276595745,GCGTCTACATTTCTAATGCTACAGTTTTCTTCTTCCCTAAAAACATG
rs4946717,rs4946717_RevA,62.4159927520426,A,34,6,106026874,44.11764705882353,TGACTCGTTTAGATTTAGCGCTGCTTCCTGTCTA
rs11839053,rs11839053_RevG,62.36984418960844,G,39,13,106410694,41.02564102564102,TTACTCTAAGTAGAAGGATTGGTGTGAACAAAGGCACAG
rs6466198,rs6466198_RevA,63.1119503286161,A,27,7,107839681,55.55555555555556,GCTCTTGTTGGCAGGTGGCCATTCAGA
rs13210693,rs13210693_RevT,61.84182658585172,T,30,6,109277761,50.0,CACCCATGGCTCAGGACTTCACATCTTCTT
rs4561177,rs4561177_RevC,62.871054456109505,C,40,11,110091706,42.5,GCTTGGACTGCCTAATGGTAGTGATATTCATGATGCTTAC
rs3184504,rs3184504_RevG,62.89970259908847,G,23,12,111446804,65.21739130434783,GGCATCTCAAGCCGTGTGCACCG
rs6679677,rs6679677_RevT,62.3948524043746,T,51,1,113761186,29.411764705882355,AGAAAACAGGCTTGTTAGTTGAATAAATTGCTTAAGATCACAGATTATTGT
rs2476601,rs2476601_RevC,62.21535337686913,C,32,1,113834946,50.0,AGATGATGAAATCCCCCCTCCACTTCCTGTAC
rs661054,rs661054_RevC,62.821517155383106,C,41,11,114559688,39.02439024390244,GGAAGAACAAAGCAAAAGAAATTAGAAAGACTGTGTCTGCC
rs7848647,rs7848647_RevG,62.41015134091151,G,26,9,114806766,61.53846153846154,GACAGTCACCTCGATCTGTGGCCTCG
rs726657,rs726657_RevA,62.697952824131335,A,43,9,114934056,37.2093023255814,TCTCTTTCCATAAACATGAAGCATAGATTGAAGGTCAACCCTA
rs4986790,rs4986790_RevC,62.62916606088362,C,56,9,117713024,28.57142857142857,ACTCACCAGGGAAAATGAAGAAACATTTGTCAAACAATTAAATAAGTCAATAATAC
rs62324212,rs62324212_RevT,62.83158510997794,T,36,4,122639784,41.66666666666667,ACTGGAGCACTGATCAAAAGAGAAACATGTGTCAGT
rs9491891,rs9491891_RevC,62.33557417804394,C,55,6,127956006,30.909090909090907,CAGCTGCAAGAACATCTTTTTCCTCCATATTTATATATCCATAAAATATGGTTTC
rs7933433,rs7933433_RevA,61.974813175417296,A,35,11,128324555,42.857142857142854,GGTGCATTTCAGGGGTAGAAATCAGCCTAGAAAAA
rs11221332,rs11221332_RevA,62.09598437084071,A,34,11,128511079,44.11764705882353,CTGCATGTTGTGGAAAAGAACTGTACCAAGGAGA
rs6651252,rs6651252_RevG,62.87330912220966,G,30,8,128554935,50.0,ACGATCGGTGCTCTGCTCACATTTCAAAGG
rs4728142,rs4728142_RevT,62.527439870777755,T,32,7,128933913,50.0,CTGGGCCTTCCTCCCCATTTCTTACTAACACT
rs10988542,rs10988542_RevG,61.677166541728184,G,22,9,129894985,68.18181818181817,CTCACTGCAACCTCCGCCTCCG
rs17622378,rs17622378_RevC,62.34410829262163,C,28,5,132442760,53.57142857142857,AAACTCCGCAGACAGTAGCCAAAGGTCC
rs11741255,rs11741255_RevT,62.6486418351281,T,24,5,132475490,58.333333333333336,AGGGCCAAAGGCTTTGTCCTGCCT
rs10781500,rs10781500_RevA,62.51667532536578,A,58,9,136374886,27.586206896551722,ATCTGTGGGTTATTTAGCGGTATATTATTTAATTTCCAAATATTTAGAGATTTTGCCA
rs3124998,rs3124998_RevA,62.9340931948409,A,24,9,136494980,58.333333333333336,GGCACATTGAGCTGTGCAACGCCA
rs2807264,rs2807264_RevT,62.12366516074479,T,33,X,136583619,45.45454545454545,CCAGGAGTTCAAGGCTACAATGAGCCATGATTT
rs12863738,rs12863738_RevA,62.08965579588943,A,37,X,136949968,40.54054054054054,CCCGTCTCTACTAAAAATACAAAAAATTAGCCGGGCA
rs7831697,rs7831697_RevC,62.48590044031846,C,50,8,137124061,34.0,TTCAATGTTACCACTACTACTAATAATAATGCTGCTGCTGCTAGTAATAC
rs582757,rs582757_RevA,62.61215653132331,A,46,6,137876687,36.95652173913043,GTCTAATATGTAAAATAAGGCTACCAAGGCCTACATCTCACAAGAA
rs6863411,rs6863411_RevA,62.63049382328097,A,61,5,142133639,29.508196721311474,CCCTTTAAGAAGTTCCTAAATATGTACTTGTATCAAATGAAAGTATTCTGAAGAGTTATGA
rs2538470,rs2538470_RevC,62.751402740007734,C,36,7,148523356,44.44444444444444,TCTCTCATTTTCTTTGAGACTCCTGTGGGCTAAAGC
rs4845604,rs4845604_RevT,62.37729074555409,T,38,1,151829204,39.473684210526315,GAAGCCTGAAGCATGAAAGGAAACACTGTAAAGAAACT
rs4129267,rs4129267_RevA,62.55311948505323,A,38,1,154453788,42.10526315789473,GCCTTTGGATCTCAGATGAGGTGATGTCATTTCCTTTA
rs2451258,rs2451258_RevA,62.62747514598033,A,30,6,159085568,50.0,CAGGCGAAAACTCATGAAGGCCAGGAAAGA
rs4921482,rs4921482_RevG,62.59062363436334,G,47,5,159337470,36.17021276595745,GTTTTACAAGGGCAATTTAGTATCTGGGAAGGGCCATTATAATTTAG
rs6556411,rs6556411_RevA,62.168566975379974,A,39,5,159356215,38.46153846153847,GTAAAGATTTTGGGCGTTATCATGAACAGAATGAGAGCA
rs6556416,rs6556416_RevG,62.45225793637513,G,63,5,159391737,31.746031746031743,TATATAGATATATAGATTAGATATAGATATAAAAATACAGTTCACCCATGAAGGGTGAGGGGG
rs56167332,rs56167332_RevT,62.60458549757573,T,30,5,159400761,50.0,GCCCCTGGCATTGAGAAGACCAAGAAACTT
rs755374,rs755374_RevA,62.24422430341002,A,29,5,159402286,48.275862068965516,ACAAGCAGCTGATGCCAGTAGGGTGAAAA
rs12188300,rs12188300_RevA,62.73773193067808,A,28,5,159402519,53.57142857142857,AGTGCCAGAGCTCCACTTGGTCTTCTGA
rs1801274,rs1801274_RevC,62.272753113623935,C,30,1,161509955,53.333333333333336,CTTGTGGGATGGAGAAGGTGGGATCCAAAC
rs2111485,rs2111485_RevC,62.517414637548825,C,34,2,162254026,47.05882352941176,TCTTTCTTCTTCCTCAGGGAAATTCCACCCTTCC
rs35667974,rs35667974_RevG,62.5677340529607,G,34,2,162268127,50.0,GTGCTAGCCTGTTCTGGGGAAGATATCCATGTAG
rs3747517,rs3747517_RevG,62.68623122635927,G,32,2,162272314,50.0,GTTGCTCACAGTGGTTCAGGAGTTATCGAACG
rs2301436,rs2301436_RevA,62.48824641151464,A,59,6,167024500,27.11864406779661,TCTCTTTAGAATTCTGTTTGATATAAACTAAATTGACCTCTTCACTGTGATTTTTTTCA
rs34884278,rs34884278_RevA,62.68761610187789,A,39,1,172869708,41.02564102564102,AGAGTTCCTGTTACTCTACATCTTTGTCAGCCTTTGGTA
rs6425143,rs6425143_RevC,62.92775910028786,C,32,1,172875212,53.125,GCTGGTCCCCTAGTGAATGTGTCAGTAACTCC
rs1018326,rs1018326_RevG,62.43320693992035,G,49,2,181143073,36.734693877551024,GGACTTTAATGCCAAGGTCAGTATTAAGATTCCAGTATATAGATGGAAG
rs7660520,rs7660520_RevT,62.87135494085902,T,38,4,182824168,42.10526315789473,CCAGAGATGAAATCATAGGGAGTCGTGTCTTTTTGCAT
rs6689858,rs6689858_RevG,62.70163648103437,G,34,1,197406337,44.11764705882353,CAAGCATCTGTTTAACAAAGCACATCTTGCACCG
rs1405108,rs1405108_RevT,62.421118947892865,T,42,2,198880294,38.095238095238095,GAATAGGCTGTCTACCCTTGTGACTAGAAAACAAAACATCAT
rs2816958,rs2816958_RevC,62.998343561303216,C,27,1,200132792,59.25925925925925,TGCTAAGGCTCCTGGAGGTGATCCCAC
rs2297909,rs2297909_RevT,62.697975392152784,T,22,1,200991179,68.18181818181817,GCTCCAGGCCACCCTGCTCACT
rs7426056,rs7426056_RevC,62.48147165491474,C,55,2,203747335,29.09090909090909,AGTGAGCCAGTGTTCTCATTTTTCACATACATACTTTAATTCAAAATACAAATAC
rs55705316,rs55705316_RevC,63.13391844125783,C,23,1,206760172,65.21739130434783,GCTTGGAGGCAAGCCAAGCCAGC
rs11676348,rs11676348_RevA,62.29402372172649,A,41,2,218145423,39.02439024390244,CATAACTGTAGCAGAATAGAGAAAAAACACTGACCACCTCA
rs7556897,rs7556897_RevA,62.54955149732581,A,43,2,227795396,32.55813953488372,ACATGCCACTGCACCTGGATATTTACCCTTTTTTAAAAAAAAA
rs36001488,rs36001488_RevA,62.292033907516554,A,45,2,233276621,33.33333333333333,GTCTCTTAAAAACTAAAAAACAAAAATTAGCCAGGTGTGGTAGCA
rs4676410,rs4676410_RevT,62.333930151792174,T,22,2,240624322,68.18181818181817,CCAGGCCCAGTCCCCAGTGTGT
rs3749171,rs3749171_RevA,61.91219007566758,A,19,2,240630275,73.68421052631578,CGGTCCACGGCGATGGCCA
rs4676406,rs4676406_RevA,62.61196559151796,A,28,2,240639691,53.57142857142857,GGTCCAACGTATCACGCTGTGCACCTTA
rs35320439,rs35320439_RevG,62.40086851917448,G,22,2,241797926,68.18181818181817,GACACCACACCTGCACTCGGCG
